addr,func,rs/addr,rt/dest,rd/imm
0x1000,LH,0,1,4,,x1 = mem [x0+4]
0x1002,LH,0,3,2,,x3 = mem [x0+2]
0x1004,ADD,1,3,2,,x2 = x1 + x3
0x1006,LH,0,4,3,,x4 = mem [x0+3]
0x1008,ADD,2,4,5,,x5 = x2 + x4
0x100A,LH,0,14,1,,x14 = mem [x0+1]
0x100C,LH,0,15,0,,x15 = mem [x0+0]
0x100E,SUB,3,4,6,,x6 = x3 - x4
0x1010,ADD,15,6,6,,x6 = x15 + x6
0x1012,ADD,0,0,7,,x7 = x0 + x0
0x1014,ADD,0,0,8,,x8 = x0 + x0
0x1016,ADD,0,0,9,,x9 = x0 + x0
0x1018,SLT,8,4,10,,x10 = x8 < x4
0x101A,BEQ,10,0,8,,if (x10 == x0): PC = PC + 9
0x101C,LH,1,11,0,,x11 = mem [x1+0]
0x101E,LH,2,12,0,,x12 = mem [x2+0]
0x1020,MUL,11,12,13,,x13 = x11 * x12
0x1022,ADD,9,13,9,,x9 = x9 + x13
0x1024,ADD,15,8,8,,x8 = x15 + x8
0x1026,ADD,15,1,1,,x1 = x15 + x1
0x1028,ADD,15,2,2,,x2 = x15 + x2
0x102A,J,0x1018,,
0x102C,SH,5,9,0,,mem [x5+0] = x9
0x102E,ADD,15,7,7,,x7 = x15 + x7
0x1030,ADD,15,5,5,,x5 = x15 + x5
0x1032,SLT,7,6,14,,x14 = x7 < x6
0x1034,BEQ,14,0,6,,if (x14 == x0): PC = PC + 7
0x1036,LH,0,14,3,,x14 = mem [x0+3]
0x1038,SUB,2,14,2,,x2 = x2 - x14
0x103A,SUB,1,14,1,,x1 = x1 - x14
0x103C,MUL,2,1,14,,x14 = x2 * x1
0x103E,ADD,1,15,1,,x1 = x1 + x15
0x1040,J,0x1014,,
0x1042,LH,0,14,5,,x14 = mem [x0+5]
0x1044,ADD,14,0,1,,x1 = x14 + x0
0x1046,LH,14,2,-9,,x2 = mem [x14-9]
0x1048,ADD,0,0,3,,x3 = x0 + x0
0x104A,ADD,0,0,4,,x4 = x0 + x0
0x104C,ADD,15,0,5,,x5 = x15 + x0
0x104E,LH,0,13,1,,x13 = mem [x0+1]
0x1050,BEQ,2,0,7,,if (x2 == x0): PC = PC + 8
0x1052,ADD,3,13,3,,x3 = x3 + x13
0x1054,ADD,4,5,6,,x6 = x4 + x5
0x1056,ADD,3,15,3,,x3 = x3 + x15
0x1058,BEQ,3,2,3,,if (x3 == x2): PC = PC + 4
0x105A,ADD,5,0,4,,x4 = x5 + x0
0x105C,ADD,6,0,5,,x5 = x6 + x0
0x105E,J,0x1054,,
0x1060,SH,1,6,0,,mem [x1+0] = x6
0x1062,SUB,0,14,13,,x13 = x0 - x14
0x1064,SUB,14,13,14,,x14 = x14 - x13
0x1066,SUB,14,15,14,,x14 = x14 - x15
0x1068,ADD,14,15,1,,x1 = x14 + x15
0x106A,LH,1,2,-1,,x2 = mem [x1-1]
0x106C,LH,1,13,-2,,x13 = mem [x1-2]
0x106E,MUL,15,15,3,,x3 = x15 * x15
0x1070,ADD,0,3,4,,x4 = x0 + x3
0x1072,ADD,0,1,5,,x5 = x0 + x1
0x1074,SLT,4,2,6,,x6 = x4 < x2
0x1076,BEQ,6,0,9,,if (x6 == x0): PC = PC + 10
0x1078,LH,5,7,0,,x7 = mem [x5+0]
0x107A,LH,5,8,1,,x8 = mem [x5+1]
0x107C,SLT,8,7,9,,x9 = x8 < x7
0x107E,BEQ,9,0,2,,if (x9 == x0): PC = PC + 3
0x1080,SH,5,8,0,,mem [x5+0] = x8
0x1082,SH,5,7,1,,mem [x5+1] = x7
0x1084,ADD,4,15,4,,x4 = x4 + x15
0x1086,ADD,5,15,5,,x5 = x5 + x15
0x1088,J,0x1074,,
0x108A,ADD,3,15,3,,x3 = x3 + x15
0x108C,SLT,3,2,10,,x10 = x3 < x2
0x108E,BEQ,10,0,1,,if (x10 == x0): PC = PC + 2
0x1090,J,0x1070,,
0x1092,LH,5,1,-16,,x1 = mem [x5-16]
0x1094,MUL,1,2,2,,x2 = x1 * x2
0x1096,SH,5,2,-15,,mem [x5-15] = x2
0x1098,SUB,5,15,6,,x6 = x5 - x15
0x109A,SH,6,6,0,,mem [x6+0] = x6
0x109C,LH,6,3,15,,x3 = mem [x6+15]
0x109E,ADD,3,6,3,,x3 = x3 + x6
0x10A0,SUB,4,3,4,,x4 = x4 - x3
0x10A2,SLT,4,3,5,,x5 = x4 < x3
0x10A4,MUL,4,5,7,,x7 = x4 * x5
0x10A6,ADD,7,7,7,,x7 = x7 + x7
0x10A8,SUB,6,0,4,,x4 = x6 - x0
0x10AA,BEQ,6,4,1,,if (x6 == x4): PC = PC + 2
0x10AC,MUL,4,4,4,,x4 = x4 * x4
0x10AE,SUB,15,4,8,,x8 = x15 - x4
0x10B0,SUB,15,8,8,,x8 = x15 - x8
0x10B2,LH,6,0,-16,,x0 = mem [x6-16]
0x10B4,SH,6,0,-15,,mem [x6-15] = x0
0x10B6,LH,6,1,0,,x1 = mem [x6+0]
0x10B8,LH,6,1,1,,x1 = mem [x6+1]
0x10BA,LH,6,1,2,,x1 = mem [x6+2]
0x10BC,SH,6,1,0,,mem [x6+0] = x1
0x10BE,SH,6,2,0,,mem [x6+0] = x2
0x10C0,SH,6,3,0,,mem [x6+0] = x3
0x10C2,LH,6,5,1,,x5 = mem [x6+1]
0x10C4,SH,6,5,2,,mem [x6+2] = x5
0x10C6,SH,6,5,3,,mem [x6+3] = x5
0x10C8,SH,6,8,4,,mem [x6+4] = x8
0x10CA,SH,6,9,5,,mem [x6+5] = x9
0x10CC,SH,6,10,6,,mem [x6+6] = x10
0x10CE,SH,6,11,7,,mem [x6+7] = x11
0x10D0,SH,6,12,8,,mem [x6+8] = x12
0x10D2,SH,6,13,9,,mem [x6+9] = x13
0x10D4,SH,6,14,10,,mem [x6+10] = x14
0x10D6,SH,6,15,11,,mem [x6+11] = x15
0x10D8,MUL,15,1,9,,x9 = x15 * x1
0x10DA,LH,10,0,15,,x0 = mem [x10+15]
0x10DC,SLT,11,15,4,,x4 = x11 < x15
0x10DE,BEQ,8,8,2,,if (x8 == x8): PC = PC + 3
0x10E0,SH,6,11,-1,,mem [x6-1] = x11
0x10E2,LH,2,1,-15,,x1 = mem [x2-15]
0x10E4,SH,8,8,-4,,mem [x8-4] = x8
0x10E6,BEQ,6,6,6,,if (x6 == x6): PC = PC + 7
0x10E8,SH,14,8,-13,,mem [x14-13] = x8
0x10EA,SH,11,4,7,,mem [x11+7] = x4
0x10EC,LH,4,13,9,,x13 = mem [x4+9]
0x10EE,SH,4,9,-1,,mem [x4-1] = x9
0x10F0,LH,4,14,-13,,x14 = mem [x4-13]
0x10F2,SH,14,4,3,,mem [x14+3] = x4
0x10F4,ADD,0,2,9,,x9 = x0 + x2
0x10F6,SH,4,3,15,,mem [x4+15] = x3
0x10F8,LH,11,7,15,,x7 = mem [x11+15]
0x10FA,BEQ,8,5,1,,if (x8 == x5): PC = PC + 2
0x10FC,SLT,2,14,14,,x14 = x2 < x14
0x10FE,ADD,15,10,5,,x5 = x15 + x10
0x1100,SH,3,3,15,,mem [x3+15] = x3
0x1102,LH,4,10,15,,x10 = mem [x4+15]
0x1104,LH,3,4,15,,x4 = mem [x3+15]
0x1106,BEQ,2,0,2,,if (x2 == x0): PC = PC + 3
0x1108,ADD,5,5,5,,x5 = x5 + x5
0x110A,LH,8,0,-12,,x0 = mem [x8-12]
0x110C,LH,1,4,15,,x4 = mem [x1+15]
0x110E,BEQ,12,0,5,,if (x12 == x0): PC = PC + 6
0x1110,LH,11,8,15,,x8 = mem [x11+15]
0x1112,MUL,5,3,2,,x2 = x5 * x3
0x1114,SH,10,11,15,,mem [x10+15] = x11
0x1116,SH,15,12,13,,mem [x15+13] = x12
0x1118,SH,3,8,15,,mem [x3+15] = x8
0x111A,SH,10,1,11,,mem [x10+11] = x1
0x111C,LH,11,7,15,,x7 = mem [x11+15]
0x111E,SH,15,7,15,,mem [x15+15] = x7
0x1120,SH,6,1,-8,,mem [x6-8] = x1
0x1122,BEQ,6,5,7,,if (x6 == x5): PC = PC + 8
0x1124,SH,15,0,15,,mem [x15+15] = x0
0x1126,LH,3,13,15,,x13 = mem [x3+15]
0x1128,SLT,15,5,3,,x3 = x15 < x5
0x112A,LH,6,15,-14,,x15 = mem [x6-14]
0x112C,J,0x116C,,
0x112C,SH,2,6,13,,mem [x2+13] = x6
0x112E,SLT,15,15,7,,x7 = x15 < x15
0x1130,SLT,14,3,5,,x5 = x14 < x3
0x1132,SUB,2,8,11,,x11 = x2 - x8
0x1134,LH,11,14,-14,,x14 = mem [x11-14]
0x1136,LH,15,0,15,,x0 = mem [x15+15]
0x1138,ADD,2,15,12,,x12 = x2 + x15
0x113A,MUL,13,2,15,,x15 = x13 * x2
0x113C,SH,6,0,4,,mem [x6+4] = x0
0x113E,SLT,5,14,9,,x9 = x5 < x14
0x1140,BEQ,0,0,11,,if (x0 == x0): PC = PC + 12
0x1142,MUL,2,6,2,,x2 = x2 * x6
0x1144,ADD,12,0,14,,x14 = x12 + x0
0x1146,SLT,6,2,1,,x1 = x6 < x2
0x1148,ADD,10,15,2,,x2 = x10 + x15
0x114A,BEQ,4,9,1,,if (x4 == x9): PC = PC + 2
0x114C,BEQ,11,11,6,,if (x11 == x11): PC = PC + 7
0x114E,BEQ,2,15,9,,if (x2 == x15): PC = PC + 10
0x1150,MUL,11,2,13,,x13 = x11 * x2
0x1152,MUL,7,11,2,,x2 = x7 * x11
0x1154,MUL,5,9,11,,x11 = x5 * x9
0x1156,SH,9,2,14,,mem [x9+14] = x2
0x1158,LH,15,5,5,,x5 = mem [x15+5]
0x115A,SH,9,11,15,,mem [x9+15] = x11
0x115C,SH,3,0,1,,mem [x3+1] = x0
0x115E,SH,5,6,-1,,mem [x5-1] = x6
0x1160,BEQ,4,4,2,,if (x4 == x4): PC = PC + 3
0x1162,LH,11,3,-14,,x3 = mem [x11-14]
0x1164,SLT,0,4,5,,x5 = x0 < x4
0x1166,SH,11,7,7,,mem [x11+7] = x7
0x1168,J,0x1178,,
0x1168,SH,3,9,15,,mem [x3+15] = x9
0x116A,LH,10,15,11,,x15 = mem [x10+11]
0x116C,SH,14,15,10,,mem [x14+10] = x15
0x116E,ADD,6,0,5,,x5 = x6 + x0
0x1170,LH,4,14,8,,x14 = mem [x4+8]
0x1172,J,0x1138,,
0x1172,BEQ,1,10,15,,if (x1 == x10): PC = PC + 16
0x1174,SH,9,0,14,,mem [x9+14] = x0
0x1176,SH,11,8,15,,mem [x11+15] = x8
0x1178,BEQ,6,6,0,,if (x6 == x6): PC = PC + 1
0x117A,BEQ,3,9,0,,if (x3 == x9): PC = PC + 1
0x117C,SH,15,8,5,,mem [x15+5] = x8
0x117E,BEQ,2,2,7,,if (x2 == x2): PC = PC + 8
0x1180,LH,12,8,9,,x8 = mem [x12+9]
0x1182,SUB,3,7,3,,x3 = x3 - x7
0x1184,SUB,9,3,3,,x3 = x9 - x3
0x1186,SH,15,4,-16,,mem [x15-16] = x4
0x1188,LH,10,9,14,,x9 = mem [x10+14]
0x118A,LH,7,14,12,,x14 = mem [x7+12]
0x118C,SH,9,15,11,,mem [x9+11] = x15
0x118E,LH,9,3,15,,x3 = mem [x9+15]
0x1190,LH,15,15,-12,,x15 = mem [x15-12]
0x1192,LH,9,7,15,,x7 = mem [x9+15]
0x1194,BEQ,7,11,8,,if (x7 == x11): PC = PC + 9
0x1196,LH,13,1,11,,x1 = mem [x13+11]
0x1198,SH,7,8,-9,,mem [x7-9] = x8
0x119A,SH,8,11,9,,mem [x8+9] = x11
0x119C,LH,6,9,-11,,x9 = mem [x6-11]
0x119E,LH,3,2,12,,x2 = mem [x3+12]
0x11A0,LH,11,10,9,,x10 = mem [x11+9]
0x11A2,SLT,12,2,6,,x6 = x12 < x2
0x11A4,BEQ,8,2,9,,if (x8 == x2): PC = PC + 10
0x11A6,LH,4,6,-1,,x6 = mem [x4-1]
0x11A8,SUB,15,8,7,,x7 = x15 - x8
0x11AA,ADD,14,4,3,,x3 = x14 + x4
0x11AC,BEQ,13,13,6,,if (x13 == x13): PC = PC + 7
0x11AE,SH,5,6,0,,mem [x5+0] = x6
0x11B0,SH,15,14,-1,,mem [x15-1] = x14
0x11B2,MUL,0,4,10,,x10 = x0 * x4
0x11B4,SLT,7,2,11,,x11 = x7 < x2
0x11B6,ADD,7,4,14,,x14 = x7 + x4
0x11B8,SH,15,13,2,,mem [x15+2] = x13
0x11BA,SH,4,0,15,,mem [x4+15] = x0
0x11BC,ADD,8,5,10,,x10 = x8 + x5
0x11BE,SH,0,11,15,,mem [x0+15] = x11
0x11C0,LH,4,5,0,,x5 = mem [x4+0]
0x11C2,LH,0,5,15,,x5 = mem [x0+15]
0x11C4,BEQ,7,7,0,,if (x7 == x7): PC = PC + 1
0x11C6,BEQ,10,10,12,,if (x10 == x10): PC = PC + 13
0x11C8,LH,0,1,9,,x1 = mem [x0+9]
0x11CA,LH,7,0,-15,,x0 = mem [x7-15]
0x11CC,LH,7,15,15,,x15 = mem [x7+15]
0x11CE,SH,10,1,-9,,mem [x10-9] = x1
0x11D0,SUB,10,12,4,,x4 = x10 - x12
0x11D2,ADD,2,0,3,,x3 = x2 + x0
0x11D4,LH,8,0,-14,,x0 = mem [x8-14]
0x11D6,BEQ,6,6,2,,if (x6 == x6): PC = PC + 3
0x11D8,SH,4,6,7,,mem [x4+7] = x6
0x11DA,SH,1,13,-2,,mem [x1-2] = x13
0x11DC,SH,14,4,-11,,mem [x14-11] = x4
0x11DE,MUL,1,8,0,,x0 = x1 * x8
0x11E0,LH,0,5,15,,x5 = mem [x0+15]
0x11E2,ADD,1,1,1,,x1 = x1 + x1
0x11E4,SLT,11,2,11,,x11 = x11 < x2
0x11E6,SH,11,5,3,,mem [x11+3] = x5
0x11E8,LH,0,1,15,,x1 = mem [x0+15]
0x11EA,LH,4,8,11,,x8 = mem [x4+11]
0x11EC,BEQ,3,2,12,,if (x3 == x2): PC = PC + 13
0x11EE,SH,0,0,15,,mem [x0+15] = x0
0x11F0,LH,4,10,15,,x10 = mem [x4+15]
0x11F2,LH,10,12,15,,x12 = mem [x10+15]
0x11F4,LH,0,10,15,,x10 = mem [x0+15]
0x11F6,SUB,2,11,5,,x5 = x2 - x11
0x11F8,SUB,2,10,15,,x15 = x2 - x10
0x11FA,SH,4,9,15,,mem [x4+15] = x9
0x11FC,LH,4,3,10,,x3 = mem [x4+10]
0x11FE,SLT,12,6,2,,x2 = x12 < x6
0x1200,LH,2,14,15,,x14 = mem [x2+15]
0x1202,LH,7,6,-6,,x6 = mem [x7-6]
0x1204,LH,0,11,15,,x11 = mem [x0+15]
0x1206,LH,6,12,15,,x12 = mem [x6+15]
0x1208,LH,4,13,3,,x13 = mem [x4+3]
0x120A,SH,1,12,15,,mem [x1+15] = x12
0x120C,SH,7,9,-2,,mem [x7-2] = x9
0x120E,BEQ,9,2,7,,if (x9 == x2): PC = PC + 8
0x1210,LH,14,2,-8,,x2 = mem [x14-8]
0x1212,SH,14,6,14,,mem [x14+14] = x6
0x1214,BEQ,3,15,8,,if (x3 == x15): PC = PC + 9
0x1216,LH,0,2,-14,,x2 = mem [x0-14]
0x1218,LH,8,9,-4,,x9 = mem [x8-4]
0x121A,SLT,11,1,5,,x5 = x11 < x1
0x121C,LH,14,13,-1,,x13 = mem [x14-1]
0x121E,SH,3,3,15,,mem [x3+15] = x3
0x1220,LH,14,3,15,,x3 = mem [x14+15]
0x1222,LH,0,1,15,,x1 = mem [x0+15]
0x1224,BEQ,5,5,15,,if (x5 == x5): PC = PC + 16
0x1226,SH,9,3,1,,mem [x9+1] = x3
0x1228,LH,0,2,-16,,x2 = mem [x0-16]
0x122A,SH,14,12,8,,mem [x14+8] = x12
0x122C,ADD,11,14,11,,x11 = x11 + x14
0x122E,SH,10,7,7,,mem [x10+7] = x7
0x1230,SH,0,4,-1,,mem [x0-1] = x4
0x1232,MUL,10,5,0,,x0 = x10 * x5
0x1234,ADD,11,2,4,,x4 = x11 + x2
0x1236,SLT,14,8,14,,x14 = x14 < x8
0x1238,SH,9,1,-6,,mem [x9-6] = x1
0x123A,LH,7,5,-9,,x5 = mem [x7-9]
0x123C,SH,5,1,2,,mem [x5+2] = x1
0x123E,SH,12,12,-11,,mem [x12-11] = x12
0x1240,SH,15,8,-10,,mem [x15-10] = x8
0x1242,SH,1,14,-14,,mem [x1-14] = x14
0x1244,LH,1,12,15,,x12 = mem [x1+15]
0x1246,LH,14,9,15,,x9 = mem [x14+15]
0x1248,SH,6,11,6,,mem [x6+6] = x11
0x124A,BEQ,10,8,8,,if (x10 == x8): PC = PC + 9
0x124C,SH,9,4,15,,mem [x9+15] = x4
0x124E,BEQ,1,7,8,,if (x1 == x7): PC = PC + 9
0x1250,LH,7,8,9,,x8 = mem [x7+9]
0x1252,LH,8,15,-1,,x15 = mem [x8-1]
0x1254,LH,2,13,4,,x13 = mem [x2+4]
0x1256,SUB,6,1,13,,x13 = x6 - x1
0x1258,LH,9,15,15,,x15 = mem [x9+15]
0x125A,SH,6,14,15,,mem [x6+15] = x14
0x125C,ADD,6,3,0,,x0 = x6 + x3
0x125E,ADD,4,8,4,,x4 = x4 + x8
0x1260,LH,12,13,15,,x13 = mem [x12+15]
0x1262,SUB,10,11,4,,x4 = x10 - x11
0x1264,LH,0,10,15,,x10 = mem [x0+15]
0x1266,SH,13,10,15,,mem [x13+15] = x10
0x1268,SUB,10,7,0,,x0 = x10 - x7
0x126A,SLT,14,11,9,,x9 = x14 < x11
0x126C,ADD,8,0,3,,x3 = x8 + x0
0x126E,MUL,1,12,15,,x15 = x1 * x12
0x1270,BEQ,5,12,2,,if (x5 == x12): PC = PC + 3
0x1272,SLT,12,10,10,,x10 = x12 < x10
0x1274,SH,13,14,15,,mem [x13+15] = x14
0x1276,ADD,0,0,14,,x14 = x0 + x0
0x1278,SH,1,9,15,,mem [x1+15] = x9
0x127A,MUL,2,7,5,,x5 = x2 * x7
0x127C,LH,1,8,15,,x8 = mem [x1+15]
0x127E,SH,5,12,15,,mem [x5+15] = x12
0x1280,SLT,1,11,13,,x13 = x1 < x11
0x1282,LH,11,9,15,,x9 = mem [x11+15]
0x1284,ADD,2,9,10,,x10 = x2 + x9
0x1286,LH,15,5,-12,,x5 = mem [x15-12]
0x1288,SH,5,13,-13,,mem [x5-13] = x13
0x128A,SH,9,9,15,,mem [x9+15] = x9
0x128C,ADD,12,12,8,,x8 = x12 + x12
0x128E,SH,5,8,-8,,mem [x5-8] = x8
0x1290,SH,15,12,-12,,mem [x15-12] = x12
0x1292,MUL,15,8,8,,x8 = x15 * x8
0x1294,BEQ,7,5,5,,if (x7 == x5): PC = PC + 6
0x1296,SH,5,3,0,,mem [x5+0] = x3
0x1298,SUB,7,1,14,,x14 = x7 - x1
0x129A,SLT,11,9,15,,x15 = x11 < x9
0x129C,SH,14,11,14,,mem [x14+14] = x11
0x129E,MUL,11,5,2,,x2 = x11 * x5
0x12A0,SUB,2,1,1,,x1 = x2 - x1
0x12A2,LH,4,3,2,,x3 = mem [x4+2]
0x12A4,LH,12,11,15,,x11 = mem [x12+15]
0x12A6,LH,5,1,-1,,x1 = mem [x5-1]
0x12A8,LH,3,6,15,,x6 = mem [x3+15]
0x12AA,SUB,9,4,5,,x5 = x9 - x4
0x12AC,SH,13,2,15,,mem [x13+15] = x2
0x12AE,LH,3,14,15,,x14 = mem [x3+15]
0x12B0,SH,3,3,15,,mem [x3+15] = x3
0x12B2,BEQ,7,10,8,,if (x7 == x10): PC = PC + 9
0x12B4,SH,6,6,15,,mem [x6+15] = x6
0x12B6,LH,4,4,3,,x4 = mem [x4+3]
0x12B8,SH,5,2,12,,mem [x5+12] = x2
0x12BA,MUL,7,11,6,,x6 = x7 * x11
0x12BC,BEQ,7,5,1,,if (x7 == x5): PC = PC + 2
0x12BE,MUL,1,15,15,,x15 = x1 * x15
0x12C0,LH,6,3,11,,x3 = mem [x6+11]
0x12C2,SH,6,6,6,,mem [x6+6] = x6
0x12C4,ADD,7,14,0,,x0 = x7 + x14
0x12C6,SLT,0,10,14,,x14 = x0 < x10
0x12C8,ADD,15,1,8,,x8 = x15 + x1
0x12CA,LH,6,13,12,,x13 = mem [x6+12]
0x12CC,SH,9,0,15,,mem [x9+15] = x0
0x12CE,SLT,11,1,2,,x2 = x11 < x1
0x12D0,SLT,5,11,4,,x4 = x5 < x11
0x12D2,LH,4,8,15,,x8 = mem [x4+15]
0x12D4,LH,0,15,0,,x15 = mem [x0+0]
0x12D6,SLT,11,15,11,,x11 = x11 < x15
0x12D8,LH,10,3,15,,x3 = mem [x10+15]
0x12DA,SH,6,5,1,,mem [x6+1] = x5
0x12DC,SH,8,14,11,,mem [x8+11] = x14
0x12DE,LH,2,9,1,,x9 = mem [x2+1]
0x12E0,LH,10,4,15,,x4 = mem [x10+15]
0x12E2,LH,12,8,15,,x8 = mem [x12+15]
0x12E4,SH,6,12,15,,mem [x6+15] = x12
0x12E6,SH,3,0,-14,,mem [x3-14] = x0
0x12E8,LH,10,11,8,,x11 = mem [x10+8]
0x12EA,SUB,13,4,15,,x15 = x13 - x4
0x12EC,ADD,10,6,13,,x13 = x10 + x6
0x12EE,SH,11,11,10,,mem [x11+10] = x11
0x12F0,SLT,11,2,8,,x8 = x11 < x2
0x12F2,SH,6,14,15,,mem [x6+15] = x14
0x12F4,BEQ,15,15,13,,if (x15 == x15): PC = PC + 14
0x12F6,BEQ,8,1,4,,if (x8 == x1): PC = PC + 5
0x12F8,SLT,2,1,14,,x14 = x2 < x1
0x12FA,BEQ,9,14,5,,if (x9 == x14): PC = PC + 6
0x12FC,LH,8,1,1,,x1 = mem [x8+1]
0x12FE,MUL,14,11,1,,x1 = x14 * x11
0x1300,SUB,9,11,13,,x13 = x9 - x11
0x1302,SLT,8,14,9,,x9 = x8 < x14
0x1304,SH,6,3,-4,,mem [x6-4] = x3
0x1306,SLT,1,5,8,,x8 = x1 < x5
0x1308,BEQ,3,3,15,,if (x3 == x3): PC = PC + 16
0x130A,SH,1,5,3,,mem [x1+3] = x5
0x130C,LH,7,4,-9,,x4 = mem [x7-9]
0x130E,LH,14,3,11,,x3 = mem [x14+11]
0x1310,ADD,4,6,15,,x15 = x4 + x6
0x1312,SH,11,7,2,,mem [x11+2] = x7
0x1314,SH,4,9,9,,mem [x4+9] = x9
0x1316,SH,14,11,14,,mem [x14+14] = x11
0x1318,LH,14,8,1,,x8 = mem [x14+1]
0x131A,ADD,5,6,10,,x10 = x5 + x6
0x131C,SUB,1,6,7,,x7 = x1 - x6
0x131E,LH,8,10,15,,x10 = mem [x8+15]
0x1320,MUL,0,9,15,,x15 = x0 * x9
0x1322,LH,8,14,9,,x14 = mem [x8+9]
0x1324,LH,8,9,12,,x9 = mem [x8+12]
0x1326,ADD,11,12,6,,x6 = x11 + x12
0x1328,LH,15,13,15,,x13 = mem [x15+15]
0x132A,SH,12,12,15,,mem [x12+15] = x12
0x132C,SUB,0,7,1,,x1 = x0 - x7
0x132E,SUB,2,6,10,,x10 = x2 - x6
0x1330,LH,8,2,15,,x2 = mem [x8+15]
0x1332,SH,10,0,-2,,mem [x10-2] = x0
0x1334,SH,2,13,15,,mem [x2+15] = x13
0x1336,SUB,5,14,2,,x2 = x5 - x14
0x1338,SH,8,11,12,,mem [x8+12] = x11
0x133A,SH,15,14,15,,mem [x15+15] = x14
0x133C,SLT,15,5,15,,x15 = x15 < x5
0x133E,BEQ,10,10,1,,if (x10 == x10): PC = PC + 2
0x1340,MUL,13,4,15,,x15 = x13 * x4
0x1342,SH,12,1,15,,mem [x12+15] = x1
0x1344,SH,6,0,15,,mem [x6+15] = x0
0x1346,SUB,5,4,4,,x4 = x5 - x4
0x1348,SH,0,12,-14,,mem [x0-14] = x12
0x134A,MUL,9,10,4,,x4 = x9 * x10
0x134C,LH,8,9,15,,x9 = mem [x8+15]
0x134E,SUB,8,8,14,,x14 = x8 - x8
0x1350,SH,8,14,15,,mem [x8+15] = x14
0x1352,SUB,2,14,4,,x4 = x2 - x14
0x1354,MUL,13,5,3,,x3 = x13 * x5
0x1356,SH,6,0,15,,mem [x6+15] = x0
0x1358,LH,4,10,-11,,x10 = mem [x4-11]
0x135A,LH,3,2,15,,x2 = mem [x3+15]
0x135C,ADD,8,7,12,,x12 = x8 + x7
0x135E,LH,13,3,9,,x3 = mem [x13+9]
0x1360,LH,8,6,15,,x6 = mem [x8+15]
0x1362,SH,4,3,-9,,mem [x4-9] = x3
0x1364,SLT,3,13,14,,x14 = x3 < x13
0x1366,MUL,8,3,11,,x11 = x8 * x3
0x1368,SH,11,7,3,,mem [x11+3] = x7
0x136A,LH,1,13,-10,,x13 = mem [x1-10]
0x136C,SLT,1,13,9,,x9 = x1 < x13
0x136E,SUB,14,0,2,,x2 = x14 - x0
0x1370,SUB,2,1,3,,x3 = x2 - x1
0x1372,LH,6,6,4,,x6 = mem [x6+4]
0x1374,SH,4,12,1,,mem [x4+1] = x12
0x1376,BEQ,5,13,11,,if (x5 == x13): PC = PC + 12
0x1378,MUL,13,0,9,,x9 = x13 * x0
0x137A,BEQ,5,14,7,,if (x5 == x14): PC = PC + 8
0x137C,SH,4,8,-1,,mem [x4-1] = x8
0x137E,ADD,9,0,12,,x12 = x9 + x0
0x1380,SH,8,1,-13,,mem [x8-13] = x1
0x1382,SH,12,6,8,,mem [x12+8] = x6
0x1384,LH,13,13,-2,,x13 = mem [x13-2]
0x1386,MUL,2,15,3,,x3 = x2 * x15
0x1388,MUL,14,0,8,,x8 = x14 * x0
0x138A,SH,6,6,-1,,mem [x6-1] = x6
0x138C,LH,5,7,6,,x7 = mem [x5+6]
0x138E,ADD,1,3,4,,x4 = x1 + x3
0x1390,BEQ,13,13,12,,if (x13 == x13): PC = PC + 13
0x1392,SLT,0,6,15,,x15 = x0 < x6
0x1394,SH,7,6,14,,mem [x7+14] = x6
0x1396,LH,3,5,5,,x5 = mem [x3+5]
0x1398,SUB,13,12,5,,x5 = x13 - x12
0x139A,MUL,5,14,13,,x13 = x5 * x14
0x139C,SH,12,10,13,,mem [x12+13] = x10
0x139E,LH,12,11,-11,,x11 = mem [x12-11]
0x13A0,LH,1,9,9,,x9 = mem [x1+9]
0x13A2,ADD,5,15,15,,x15 = x5 + x15
0x13A4,SLT,2,13,6,,x6 = x2 < x13
0x13A6,LH,8,14,4,,x14 = mem [x8+4]
0x13A8,LH,8,7,4,,x7 = mem [x8+4]
0x13AA,BEQ,5,5,11,,if (x5 == x5): PC = PC + 12
0x13AC,SH,6,7,2,,mem [x6+2] = x7
0x13AE,BEQ,5,7,5,,if (x5 == x7): PC = PC + 6
0x13B0,SH,1,12,-1,,mem [x1-1] = x12
0x13B2,SH,4,12,-11,,mem [x4-11] = x12
0x13B4,SH,2,10,-2,,mem [x2-2] = x10
0x13B6,BEQ,12,12,11,,if (x12 == x12): PC = PC + 12
0x13B8,LH,4,15,-12,,x15 = mem [x4-12]
0x13BA,LH,13,9,-5,,x9 = mem [x13-5]
0x13BC,BEQ,1,13,4,,if (x1 == x13): PC = PC + 5
0x13BE,ADD,14,10,6,,x6 = x14 + x10
0x13C0,ADD,14,15,10,,x10 = x14 + x15
0x13C2,SLT,3,14,8,,x8 = x3 < x14
0x13C4,SH,8,15,15,,mem [x8+15] = x15
0x13C6,LH,11,3,5,,x3 = mem [x11+5]
0x13C8,LH,5,4,15,,x4 = mem [x5+15]
0x13CA,SLT,6,13,15,,x15 = x6 < x13
0x13CC,SLT,0,10,10,,x10 = x0 < x10
0x13CE,SUB,6,4,7,,x7 = x6 - x4
0x13D0,MUL,15,15,1,,x1 = x15 * x15
0x13D2,LH,15,0,11,,x0 = mem [x15+11]
0x13D4,SUB,2,5,8,,x8 = x2 - x5
0x13D6,ADD,10,7,14,,x14 = x10 + x7
0x13D8,SUB,3,2,11,,x11 = x3 - x2
0x13DA,LH,11,15,2,,x15 = mem [x11+2]
0x13DC,SH,3,10,-6,,mem [x3-6] = x10
0x13DE,SUB,5,0,12,,x12 = x5 - x0
0x13E0,LH,15,14,8,,x14 = mem [x15+8]
0x13E2,SUB,0,4,4,,x4 = x0 - x4
0x13E4,LH,11,6,-14,,x6 = mem [x11-14]
0x13E6,SLT,12,5,1,,x1 = x12 < x5
0x13E8,SUB,5,12,7,,x7 = x5 - x12
0x13EA,SLT,9,2,14,,x14 = x9 < x2
0x13EC,SH,13,7,10,,mem [x13+10] = x7
0x13EE,SLT,14,3,0,,x0 = x14 < x3
0x13F0,LH,3,2,5,,x2 = mem [x3+5]
0x13F2,MUL,12,8,13,,x13 = x12 * x8
0x13F4,ADD,6,13,12,,x12 = x6 + x13
0x13F6,SUB,13,13,5,,x5 = x13 - x13
0x13F8,SLT,12,15,4,,x4 = x12 < x15
0x13FA,BEQ,14,11,0,,if (x14 == x11): PC = PC + 1
0x13FC,LH,9,15,0,,x15 = mem [x9+0]
0x13FE,SH,11,15,-7,,mem [x11-7] = x15
0x1400,SUB,9,5,12,,x12 = x9 - x5
0x1402,LH,9,1,10,,x1 = mem [x9+10]
0x1404,LH,9,12,15,,x12 = mem [x9+15]
0x1406,SH,4,15,8,,mem [x4+8] = x15
0x1408,LH,13,13,11,,x13 = mem [x13+11]
0x140A,SUB,15,0,3,,x3 = x15 - x0
0x140C,LH,3,0,5,,x0 = mem [x3+5]
0x140E,LH,10,7,15,,x7 = mem [x10+15]
0x1410,LH,5,2,4,,x2 = mem [x5+4]
0x1412,LH,1,4,3,,x4 = mem [x1+3]
0x1414,SUB,3,4,9,,x9 = x3 - x4
0x1416,SUB,13,3,7,,x7 = x13 - x3
0x1418,SUB,3,3,12,,x12 = x3 - x3
0x141A,SH,9,7,11,,mem [x9+11] = x7
0x141C,BEQ,11,8,5,,if (x11 == x8): PC = PC + 6
0x141E,SLT,10,13,9,,x9 = x10 < x13
0x1420,SH,9,13,3,,mem [x9+3] = x13
0x1422,MUL,6,3,4,,x4 = x6 * x3
0x1424,SH,1,8,15,,mem [x1+15] = x8
0x1426,SH,5,11,15,,mem [x5+15] = x11
0x1428,SH,3,1,-12,,mem [x3-12] = x1
0x142A,SH,12,0,0,,mem [x12+0] = x0
0x142C,SH,11,11,-6,,mem [x11-6] = x11
0x142E,SH,10,2,0,,mem [x10+0] = x2
0x1430,MUL,12,0,1,,x1 = x12 * x0
0x1432,ADD,2,9,5,,x5 = x2 + x9
0x1434,LH,3,6,-4,,x6 = mem [x3-4]
0x1436,SUB,3,7,12,,x12 = x3 - x7
0x1438,LH,1,4,2,,x4 = mem [x1+2]
0x143A,LH,15,5,5,,x5 = mem [x15+5]
0x143C,SUB,3,0,3,,x3 = x3 - x0
0x143E,SH,15,6,-4,,mem [x15-4] = x6
0x1440,SLT,15,12,2,,x2 = x15 < x12
0x1442,SUB,11,0,0,,x0 = x11 - x0
0x1444,LH,5,7,8,,x7 = mem [x5+8]
0x1446,SH,13,14,15,,mem [x13+15] = x14
0x1448,MUL,7,9,13,,x13 = x7 * x9
0x144A,SLT,7,13,15,,x15 = x7 < x13
0x144C,SH,9,12,15,,mem [x9+15] = x12
0x144E,ADD,7,13,5,,x5 = x7 + x13
0x1450,SLT,14,7,4,,x4 = x14 < x7
0x1452,SH,0,8,11,,mem [x0+11] = x8
0x1454,SH,5,1,13,,mem [x5+13] = x1
0x1456,LH,0,14,7,,x14 = mem [x0+7]
0x1458,LH,15,15,0,,x15 = mem [x15+0]
0x145A,MUL,13,8,5,,x5 = x13 * x8
0x145C,SLT,11,4,2,,x2 = x11 < x4
0x145E,SLT,11,6,9,,x9 = x11 < x6
0x1460,LH,7,13,8,,x13 = mem [x7+8]
0x1462,BEQ,15,15,11,,if (x15 == x15): PC = PC + 12
0x1464,MUL,14,1,2,,x2 = x14 * x1
0x1466,BEQ,0,0,12,,if (x0 == x0): PC = PC + 13
0x1468,SUB,0,9,14,,x14 = x0 - x9
0x146A,SLT,3,13,13,,x13 = x3 < x13
0x146C,LH,5,12,6,,x12 = mem [x5+6]
0x146E,BEQ,2,2,11,,if (x2 == x2): PC = PC + 12
0x1470,SH,11,5,-9,,mem [x11-9] = x5
0x1472,SLT,6,11,10,,x10 = x6 < x11
0x1474,BEQ,11,11,2,,if (x11 == x11): PC = PC + 3
0x1476,LH,15,9,-4,,x9 = mem [x15-4]
0x1478,LH,3,9,10,,x9 = mem [x3+10]
0x147A,SUB,1,3,15,,x15 = x1 - x3
0x147C,LH,9,9,10,,x9 = mem [x9+10]
0x147E,SLT,4,2,14,,x14 = x4 < x2
0x1480,ADD,13,12,7,,x7 = x13 + x12
0x1482,SLT,14,12,0,,x0 = x14 < x12
0x1484,SH,0,1,15,,mem [x0+15] = x1
0x1486,SH,9,15,13,,mem [x9+13] = x15
0x1488,SLT,12,2,0,,x0 = x12 < x2
0x148A,LH,6,12,15,,x12 = mem [x6+15]
0x148C,ADD,10,1,3,,x3 = x10 + x1
0x148E,MUL,11,14,7,,x7 = x11 * x14
0x1490,SH,0,7,0,,mem [x0+0] = x7
0x1492,SH,11,4,12,,mem [x11+12] = x4
0x1494,SH,7,15,15,,mem [x7+15] = x15
0x1496,ADD,15,2,3,,x3 = x15 + x2
0x1498,ADD,13,11,0,,x0 = x13 + x11
0x149A,LH,10,7,15,,x7 = mem [x10+15]
0x149C,SLT,12,14,12,,x12 = x12 < x14
0x149E,LH,9,1,15,,x1 = mem [x9+15]
0x14A0,LH,9,10,15,,x10 = mem [x9+15]
0x14A2,SH,9,6,1,,mem [x9+1] = x6
0x14A4,MUL,8,5,11,,x11 = x8 * x5
0x14A6,LH,5,0,15,,x0 = mem [x5+15]
0x14A8,LH,14,5,6,,x5 = mem [x14+6]
0x14AA,SUB,12,6,15,,x15 = x12 - x6
0x14AC,SH,4,4,13,,mem [x4+13] = x4
0x14AE,SH,4,2,15,,mem [x4+15] = x2
0x14B0,LH,4,3,15,,x3 = mem [x4+15]
0x14B2,SUB,11,4,10,,x10 = x11 - x4
0x14B4,LH,2,15,15,,x15 = mem [x2+15]
0x14B6,LH,10,12,5,,x12 = mem [x10+5]
0x14B8,SH,3,2,5,,mem [x3+5] = x2
0x14BA,LH,9,13,15,,x13 = mem [x9+15]
0x14BC,SH,13,6,15,,mem [x13+15] = x6
0x14BE,LH,5,8,15,,x8 = mem [x5+15]
0x14C0,SUB,0,9,2,,x2 = x0 - x9
0x14C2,SH,1,1,15,,mem [x1+15] = x1
0x14C4,SLT,11,12,7,,x7 = x11 < x12
0x14C6,SLT,13,6,8,,x8 = x13 < x6
0x14C8,SH,7,13,15,,mem [x7+15] = x13
0x14CA,ADD,0,4,6,,x6 = x0 + x4
0x14CC,ADD,10,0,3,,x3 = x10 + x0
0x14CE,LH,11,9,15,,x9 = mem [x11+15]
0x14D0,MUL,5,7,1,,x1 = x5 * x7
0x14D2,LH,8,12,15,,x12 = mem [x8+15]
0x14D4,BEQ,3,3,4,,if (x3 == x3): PC = PC + 5
0x14D6,SH,3,13,1,,mem [x3+1] = x13
0x14D8,BEQ,1,14,8,,if (x1 == x14): PC = PC + 9
0x14DA,SUB,1,13,11,,x11 = x1 - x13
0x14DC,LH,11,12,3,,x12 = mem [x11+3]
0x14DE,LH,1,0,11,,x0 = mem [x1+11]
0x14E0,MUL,11,1,8,,x8 = x11 * x1
0x14E2,LH,5,9,15,,x9 = mem [x5+15]
0x14E4,MUL,6,13,4,,x4 = x6 * x13
0x14E6,SUB,2,15,7,,x7 = x2 - x15
0x14E8,LH,4,0,0,,x0 = mem [x4+0]
0x14EA,SLT,13,9,4,,x4 = x13 < x9
0x14EC,ADD,0,10,8,,x8 = x0 + x10
0x14EE,SH,1,1,15,,mem [x1+15] = x1
0x14F0,LH,0,5,14,,x5 = mem [x0+14]
0x14F2,MUL,2,6,10,,x10 = x2 * x6
0x14F4,LH,0,13,15,,x13 = mem [x0+15]
0x14F6,MUL,1,11,11,,x11 = x1 * x11
0x14F8,ADD,4,8,7,,x7 = x4 + x8
0x14FA,LH,4,4,8,,x4 = mem [x4+8]
0x14FC,SH,0,6,15,,mem [x0+15] = x6
0x14FE,LH,14,14,5,,x14 = mem [x14+5]
0x1500,SH,4,10,5,,mem [x4+5] = x10
0x1502,SH,5,0,13,,mem [x5+13] = x0
0x1504,BEQ,9,7,9,,if (x9 == x7): PC = PC + 10
0x1506,SH,1,3,8,,mem [x1+8] = x3
0x1508,MUL,12,10,14,,x14 = x12 * x10
0x150A,LH,5,15,15,,x15 = mem [x5+15]
0x150C,SH,0,14,15,,mem [x0+15] = x14
0x150E,SH,12,9,15,,mem [x12+15] = x9
0x1510,LH,8,8,9,,x8 = mem [x8+9]
0x1512,SLT,9,14,11,,x11 = x9 < x14
0x1514,SH,1,6,1,,mem [x1+1] = x6
0x1516,SH,12,14,15,,mem [x12+15] = x14
0x1518,SUB,11,9,6,,x6 = x11 - x9
0x151A,SH,13,2,9,,mem [x13+9] = x2
0x151C,SH,11,15,15,,mem [x11+15] = x15
0x151E,MUL,15,2,9,,x9 = x15 * x2
0x1520,LH,14,15,8,,x15 = mem [x14+8]
0x1522,SH,7,11,13,,mem [x7+13] = x11
0x1524,SH,7,4,15,,mem [x7+15] = x4
0x1526,LH,4,12,8,,x12 = mem [x4+8]
0x1528,BEQ,8,8,4,,if (x8 == x8): PC = PC + 5
0x152A,LH,12,7,-8,,x7 = mem [x12-8]
0x152C,SUB,13,9,7,,x7 = x13 - x9
0x152E,LH,13,11,-12,,x11 = mem [x13-12]
0x1530,BEQ,7,14,14,,if (x7 == x14): PC = PC + 15
0x1532,LH,4,9,6,,x9 = mem [x4+6]
0x1534,LH,9,15,-11,,x15 = mem [x9-11]
0x1536,SH,15,1,3,,mem [x15+3] = x1
0x1538,LH,1,11,15,,x11 = mem [x1+15]
0x153A,SH,15,12,3,,mem [x15+3] = x12
0x153C,SH,4,3,-9,,mem [x4-9] = x3
0x153E,ADD,13,11,1,,x1 = x13 + x11
0x1540,SUB,15,4,0,,x0 = x15 - x4
0x1542,SLT,7,11,13,,x13 = x7 < x11
0x1544,BEQ,9,9,8,,if (x9 == x9): PC = PC + 9
0x1546,SH,0,11,12,,mem [x0+12] = x11
0x1548,SH,9,15,14,,mem [x9+14] = x15
0x154A,SH,2,10,-7,,mem [x2-7] = x10
0x154C,ADD,9,1,11,,x11 = x9 + x1
0x154E,SUB,11,6,11,,x11 = x11 - x6
0x1550,SLT,15,8,13,,x13 = x15 < x8
0x1552,BEQ,5,3,0,,if (x5 == x3): PC = PC + 1
0x1554,BEQ,2,14,4,,if (x2 == x14): PC = PC + 5
0x1556,SH,11,0,15,,mem [x11+15] = x0
0x1558,SH,0,14,15,,mem [x0+15] = x14
0x155A,ADD,0,10,2,,x2 = x0 + x10
0x155C,LH,12,4,15,,x4 = mem [x12+15]
0x155E,LH,11,2,6,,x2 = mem [x11+6]
0x1560,LH,5,8,2,,x8 = mem [x5+2]
0x1562,MUL,14,8,3,,x3 = x14 * x8
0x1564,LH,9,6,15,,x6 = mem [x9+15]
0x1566,BEQ,6,6,2,,if (x6 == x6): PC = PC + 3
0x1568,SUB,1,2,8,,x8 = x1 - x2
0x156A,SLT,14,3,4,,x4 = x14 < x3
0x156C,SLT,6,6,14,,x14 = x6 < x6
0x156E,LH,5,7,15,,x7 = mem [x5+15]
0x1570,J,0x15B6,,
0x1570,ADD,12,7,4,,x4 = x12 + x7
0x1572,SH,3,13,15,,mem [x3+15] = x13
0x1574,BEQ,13,13,1,,if (x13 == x13): PC = PC + 2
0x1576,SLT,6,5,5,,x5 = x6 < x5
0x1578,LH,8,8,15,,x8 = mem [x8+15]
0x157A,LH,3,6,13,,x6 = mem [x3+13]
0x157C,MUL,4,15,5,,x5 = x4 * x15
0x157E,SH,15,1,-7,,mem [x15-7] = x1
0x1580,LH,3,5,15,,x5 = mem [x3+15]
0x1582,SH,0,8,15,,mem [x0+15] = x8
0x1584,BEQ,9,9,1,,if (x9 == x9): PC = PC + 2
0x1586,SH,1,4,6,,mem [x1+6] = x4
0x1588,SH,11,5,15,,mem [x11+15] = x5
0x158A,LH,4,9,15,,x9 = mem [x4+15]
0x158C,BEQ,5,5,9,,if (x5 == x5): PC = PC + 10
0x158E,SH,4,11,-12,,mem [x4-12] = x11
0x1590,SH,9,13,-3,,mem [x9-3] = x13
0x1592,SH,13,4,8,,mem [x13+8] = x4
0x1594,SUB,4,13,0,,x0 = x4 - x13
0x1596,SH,15,0,-12,,mem [x15-12] = x0
0x1598,LH,14,4,12,,x4 = mem [x14+12]
0x159A,ADD,3,1,12,,x12 = x3 + x1
0x159C,LH,6,13,-3,,x13 = mem [x6-3]
0x159E,SH,15,4,-9,,mem [x15-9] = x4
0x15A0,J,0x15DE,,
0x15A0,J,0x1578,,
0x15A0,SH,2,6,9,,mem [x2+9] = x6
0x15A2,LH,8,15,13,,x15 = mem [x8+13]
0x15A4,BEQ,10,10,13,,if (x10 == x10): PC = PC + 14
0x15A6,SUB,4,14,15,,x15 = x4 - x14
0x15A8,SH,6,14,-5,,mem [x6-5] = x14
0x15AA,LH,0,8,15,,x8 = mem [x0+15]
0x15AC,SH,8,13,0,,mem [x8+0] = x13
0x15AE,SH,5,10,15,,mem [x5+15] = x10
0x15B0,LH,3,4,2,,x4 = mem [x3+2]
0x15B2,MUL,12,14,8,,x8 = x12 * x14
0x15B4,ADD,7,0,4,,x4 = x7 + x0
0x15B6,MUL,13,1,9,,x9 = x13 * x1
0x15B8,LH,0,14,15,,x14 = mem [x0+15]
0x15BA,SH,8,2,15,,mem [x8+15] = x2
0x15BC,SH,7,1,12,,mem [x7+12] = x1
0x15BE,SLT,6,8,13,,x13 = x6 < x8
0x15C0,LH,5,6,15,,x6 = mem [x5+15]
0x15C2,LH,3,2,9,,x2 = mem [x3+9]
0x15C4,ADD,8,11,4,,x4 = x8 + x11
0x15C6,BEQ,1,5,14,,if (x1 == x5): PC = PC + 15
0x15C8,SH,15,11,-1,,mem [x15-1] = x11
0x15CA,ADD,11,0,7,,x7 = x11 + x0
0x15CC,SUB,4,4,1,,x1 = x4 - x4
0x15CE,BEQ,4,4,0,,if (x4 == x4): PC = PC + 1
0x15D0,J,0x15AA,,
0x15D0,SH,11,2,15,,mem [x11+15] = x2
0x15D2,ADD,14,9,14,,x14 = x14 + x9
0x15D4,SH,14,1,15,,mem [x14+15] = x1
0x15D6,LH,3,12,9,,x12 = mem [x3+9]
0x15D8,SH,1,4,15,,mem [x1+15] = x4
0x15DA,SLT,15,2,13,,x13 = x15 < x2
0x15DC,LH,1,6,11,,x6 = mem [x1+11]
0x15DE,SH,4,14,15,,mem [x4+15] = x14
0x15E0,SH,0,13,15,,mem [x0+15] = x13
0x15E2,LH,0,0,15,,x0 = mem [x0+15]
0x15E4,LH,13,8,15,,x8 = mem [x13+15]
0x15E6,SUB,10,15,3,,x3 = x10 - x15
0x15E8,LH,9,3,15,,x3 = mem [x9+15]
0x15EA,BEQ,2,6,13,,if (x2 == x6): PC = PC + 14
0x15EC,SUB,6,2,7,,x7 = x6 - x2
0x15EE,SH,14,14,15,,mem [x14+15] = x14
0x15F0,BEQ,12,8,3,,if (x12 == x8): PC = PC + 4
0x15F2,LH,11,12,15,,x12 = mem [x11+15]
0x15F4,LH,3,6,10,,x6 = mem [x3+10]
0x15F6,SH,12,4,15,,mem [x12+15] = x4
0x15F8,ADD,5,7,7,,x7 = x5 + x7
0x15FA,LH,5,3,9,,x3 = mem [x5+9]
0x15FC,BEQ,5,4,11,,if (x5 == x4): PC = PC + 12
0x15FE,SLT,4,4,6,,x6 = x4 < x4
0x1600,SH,14,9,8,,mem [x14+8] = x9
0x1602,SH,1,1,15,,mem [x1+15] = x1
0x1604,SH,1,15,15,,mem [x1+15] = x15
0x1606,LH,12,4,15,,x4 = mem [x12+15]
0x1608,SLT,7,13,8,,x8 = x7 < x13
0x160A,ADD,13,3,1,,x1 = x13 + x3
0x160C,SH,4,14,13,,mem [x4+13] = x14
0x160E,LH,4,0,11,,x0 = mem [x4+11]
0x1610,SH,11,12,12,,mem [x11+12] = x12
0x1612,LH,14,5,15,,x5 = mem [x14+15]
0x1614,SH,5,13,-13,,mem [x5-13] = x13
0x1616,MUL,14,2,15,,x15 = x14 * x2
0x1618,LH,15,9,11,,x9 = mem [x15+11]
0x161A,LH,5,12,8,,x12 = mem [x5+8]
0x161C,MUL,13,15,13,,x13 = x13 * x15
0x161E,LH,4,13,-8,,x13 = mem [x4-8]
0x1620,LH,9,5,8,,x5 = mem [x9+8]
0x1622,SH,6,5,15,,mem [x6+15] = x5
0x1624,SLT,8,8,8,,x8 = x8 < x8
0x1626,BEQ,1,1,1,,if (x1 == x1): PC = PC + 2
0x1628,LH,2,11,14,,x11 = mem [x2+14]
0x162A,BEQ,3,15,2,,if (x3 == x15): PC = PC + 3
0x162C,LH,12,8,15,,x8 = mem [x12+15]
0x162E,SLT,5,1,1,,x1 = x5 < x1
0x1630,SLT,6,7,7,,x7 = x6 < x7
0x1632,SH,4,1,6,,mem [x4+6] = x1
0x1634,MUL,6,10,14,,x14 = x6 * x10
0x1636,MUL,9,1,14,,x14 = x9 * x1
0x1638,LH,6,15,12,,x15 = mem [x6+12]
0x163A,SH,13,13,-15,,mem [x13-15] = x13
0x163C,LH,11,9,3,,x9 = mem [x11+3]
0x163E,SH,12,10,15,,mem [x12+15] = x10
0x1640,SH,8,0,4,,mem [x8+4] = x0
0x1642,LH,15,1,3,,x1 = mem [x15+3]
0x1644,SH,15,4,15,,mem [x15+15] = x4
0x1646,BEQ,3,14,7,,if (x3 == x14): PC = PC + 8
0x1648,SH,4,9,1,,mem [x4+1] = x9
0x164A,SH,4,11,-2,,mem [x4-2] = x11
0x164C,ADD,1,6,15,,x15 = x1 + x6
0x164E,SH,15,10,15,,mem [x15+15] = x10
0x1650,SUB,10,7,3,,x3 = x10 - x7
0x1652,BEQ,9,9,6,,if (x9 == x9): PC = PC + 7
0x1654,ADD,3,13,6,,x6 = x3 + x13
0x1656,SH,2,8,12,,mem [x2+12] = x8
0x1658,LH,10,8,4,,x8 = mem [x10+4]
0x165A,SUB,3,11,11,,x11 = x3 - x11
0x165C,MUL,2,15,2,,x2 = x2 * x15
0x165E,MUL,14,12,11,,x11 = x14 * x12
0x1660,LH,9,5,15,,x5 = mem [x9+15]
0x1662,LH,7,3,14,,x3 = mem [x7+14]
0x1664,ADD,8,3,11,,x11 = x8 + x3
0x1666,SH,9,2,11,,mem [x9+11] = x2
0x1668,SH,15,6,15,,mem [x15+15] = x6
0x166A,LH,7,15,11,,x15 = mem [x7+11]
0x166C,BEQ,1,5,11,,if (x1 == x5): PC = PC + 12
0x166E,LH,9,14,15,,x14 = mem [x9+15]
0x1670,LH,0,9,-4,,x9 = mem [x0-4]
0x1672,SUB,9,14,7,,x7 = x9 - x14
0x1674,BEQ,14,14,7,,if (x14 == x14): PC = PC + 8
0x1676,SLT,11,0,12,,x12 = x11 < x0
0x1678,BEQ,11,12,2,,if (x11 == x12): PC = PC + 3
0x167A,SH,2,13,3,,mem [x2+3] = x13
0x167C,BEQ,1,7,0,,if (x1 == x7): PC = PC + 1
0x167E,LH,13,8,2,,x8 = mem [x13+2]
0x1680,SH,0,2,5,,mem [x0+5] = x2
0x1682,LH,9,9,5,,x9 = mem [x9+5]
0x1684,SH,0,7,14,,mem [x0+14] = x7
0x1686,SH,11,8,15,,mem [x11+15] = x8
0x1688,SH,6,8,15,,mem [x6+15] = x8
0x168A,MUL,0,0,11,,x11 = x0 * x0
0x168C,BEQ,5,10,4,,if (x5 == x10): PC = PC + 5
0x168E,SH,6,7,-3,,mem [x6-3] = x7
0x1690,LH,6,5,8,,x5 = mem [x6+8]
0x1692,MUL,7,0,14,,x14 = x7 * x0
0x1694,BEQ,7,7,1,,if (x7 == x7): PC = PC + 2
0x1696,J,0x16A6,,
0x1696,LH,3,5,8,,x5 = mem [x3+8]
0x1698,MUL,2,0,4,,x4 = x2 * x0
0x169A,SH,8,4,7,,mem [x8+7] = x4
0x169C,SUB,2,10,7,,x7 = x2 - x10
0x169E,SUB,9,3,4,,x4 = x9 - x3
0x16A0,LH,12,9,15,,x9 = mem [x12+15]
0x16A2,SUB,10,8,8,,x8 = x10 - x8
0x16A4,SLT,13,11,12,,x12 = x13 < x11
0x16A6,MUL,2,6,5,,x5 = x2 * x6
0x16A8,SH,0,14,11,,mem [x0+11] = x14
0x16AA,SUB,3,15,15,,x15 = x3 - x15
0x16AC,LH,13,2,1,,x2 = mem [x13+1]
0x16AE,LH,1,10,15,,x10 = mem [x1+15]
0x16B0,LH,10,14,5,,x14 = mem [x10+5]
0x16B2,SUB,3,7,4,,x4 = x3 - x7
0x16B4,LH,6,2,15,,x2 = mem [x6+15]
0x16B6,SH,1,8,15,,mem [x1+15] = x8
0x16B8,SUB,4,6,2,,x2 = x4 - x6
0x16BA,SH,3,1,-11,,mem [x3-11] = x1
0x16BC,SH,5,0,15,,mem [x5+15] = x0
0x16BE,LH,13,12,-4,,x12 = mem [x13-4]
0x16C0,LH,10,13,15,,x13 = mem [x10+15]
0x16C2,LH,10,2,15,,x2 = mem [x10+15]
0x16C4,SUB,3,3,13,,x13 = x3 - x3
0x16C6,SH,10,14,15,,mem [x10+15] = x14
0x16C8,SUB,11,2,15,,x15 = x11 - x2
0x16CA,SH,13,0,5,,mem [x13+5] = x0
0x16CC,SUB,1,13,4,,x4 = x1 - x13
0x16CE,SH,6,0,8,,mem [x6+8] = x0
0x16D0,SLT,11,8,6,,x6 = x11 < x8
0x16D2,SUB,12,0,3,,x3 = x12 - x0
0x16D4,SH,5,10,15,,mem [x5+15] = x10
0x16D6,SLT,1,6,9,,x9 = x1 < x6
0x16D8,SH,0,2,10,,mem [x0+10] = x2
0x16DA,SLT,7,0,14,,x14 = x7 < x0
0x16DC,ADD,4,3,10,,x10 = x4 + x3
0x16DE,LH,14,4,15,,x4 = mem [x14+15]
0x16E0,BEQ,4,9,11,,if (x4 == x9): PC = PC + 12
0x16E2,LH,2,10,-8,,x10 = mem [x2-8]
0x16E4,MUL,11,8,2,,x2 = x11 * x8
0x16E6,LH,13,13,11,,x13 = mem [x13+11]
0x16E8,BEQ,8,8,11,,if (x8 == x8): PC = PC + 12
0x16EA,LH,6,10,-1,,x10 = mem [x6-1]
0x16EC,SH,13,12,5,,mem [x13+5] = x12
0x16EE,MUL,12,11,3,,x3 = x12 * x11
0x16F0,LH,8,3,9,,x3 = mem [x8+9]
0x16F2,SUB,8,5,15,,x15 = x8 - x5
0x16F4,SH,10,4,2,,mem [x10+2] = x4
0x16F6,SLT,4,2,11,,x11 = x4 < x2
0x16F8,SH,10,13,3,,mem [x10+3] = x13
0x16FA,ADD,12,7,15,,x15 = x12 + x7
0x16FC,ADD,3,7,15,,x15 = x3 + x7
0x16FE,LH,14,0,-2,,x0 = mem [x14-2]
0x1700,MUL,9,15,13,,x13 = x9 * x15
0x1702,SLT,4,3,3,,x3 = x4 < x3
0x1704,SLT,15,6,15,,x15 = x15 < x6
0x1706,SLT,4,6,11,,x11 = x4 < x6
0x1708,SH,14,10,15,,mem [x14+15] = x10
0x170A,LH,14,15,8,,x15 = mem [x14+8]
0x170C,SH,9,3,0,,mem [x9+0] = x3
0x170E,SH,5,9,15,,mem [x5+15] = x9
0x1710,SLT,9,7,10,,x10 = x9 < x7
0x1712,SLT,5,9,10,,x10 = x5 < x9
0x1714,SUB,10,2,4,,x4 = x10 - x2
0x1716,LH,0,11,-16,,x11 = mem [x0-16]
0x1718,SH,0,4,13,,mem [x0+13] = x4
0x171A,SH,9,8,9,,mem [x9+9] = x8
0x171C,LH,5,14,15,,x14 = mem [x5+15]
0x171E,BEQ,9,9,8,,if (x9 == x9): PC = PC + 9
0x1720,MUL,14,12,6,,x6 = x14 * x12
0x1722,ADD,14,12,14,,x14 = x14 + x12
0x1724,MUL,11,13,4,,x4 = x11 * x13
0x1726,SH,8,15,6,,mem [x8+6] = x15
0x1728,SLT,3,3,7,,x7 = x3 < x3
0x172A,LH,9,15,12,,x15 = mem [x9+12]
0x172C,LH,6,11,-9,,x11 = mem [x6-9]
0x172E,SH,7,4,-15,,mem [x7-15] = x4
0x1730,ADD,6,6,4,,x4 = x6 + x6
0x1732,LH,9,10,15,,x10 = mem [x9+15]
0x1734,SH,10,11,-5,,mem [x10-5] = x11
0x1736,SUB,8,13,7,,x7 = x8 - x13
0x1738,SH,1,5,15,,mem [x1+15] = x5
0x173A,LH,0,14,-8,,x14 = mem [x0-8]
0x173C,LH,12,6,10,,x6 = mem [x12+10]
0x173E,BEQ,8,10,8,,if (x8 == x10): PC = PC + 9
0x1740,LH,9,8,15,,x8 = mem [x9+15]
0x1742,SUB,10,3,4,,x4 = x10 - x3
0x1744,ADD,11,6,1,,x1 = x11 + x6
0x1746,SH,3,12,10,,mem [x3+10] = x12
0x1748,ADD,12,3,10,,x10 = x12 + x3
0x174A,MUL,0,2,2,,x2 = x0 * x2
0x174C,MUL,12,3,0,,x0 = x12 * x3
0x174E,SLT,1,13,1,,x1 = x1 < x13
0x1750,SLT,3,0,12,,x12 = x3 < x0
0x1752,MUL,14,2,5,,x5 = x14 * x2
0x1754,SLT,1,11,12,,x12 = x1 < x11
0x1756,LH,12,14,15,,x14 = mem [x12+15]
0x1758,LH,14,9,6,,x9 = mem [x14+6]
0x175A,SLT,6,10,11,,x11 = x6 < x10
0x175C,MUL,9,4,2,,x2 = x9 * x4
0x175E,LH,3,15,0,,x15 = mem [x3+0]
0x1760,LH,11,12,5,,x12 = mem [x11+5]
0x1762,SH,1,8,15,,mem [x1+15] = x8
0x1764,LH,10,10,15,,x10 = mem [x10+15]
0x1766,LH,10,12,10,,x12 = mem [x10+10]
0x1768,BEQ,6,15,15,,if (x6 == x15): PC = PC + 16
0x176A,BEQ,14,14,15,,if (x14 == x14): PC = PC + 16
0x176C,SH,3,14,14,,mem [x3+14] = x14
0x176E,LH,5,14,-11,,x14 = mem [x5-11]
0x1770,MUL,2,15,10,,x10 = x2 * x15
0x1772,LH,5,10,-8,,x10 = mem [x5-8]
0x1774,SLT,5,7,10,,x10 = x5 < x7
0x1776,LH,14,12,-15,,x12 = mem [x14-15]
0x1778,SH,7,6,-9,,mem [x7-9] = x6
0x177A,SUB,2,10,5,,x5 = x2 - x10
0x177C,SH,10,1,12,,mem [x10+12] = x1
0x177E,SLT,14,5,5,,x5 = x14 < x5
0x1780,LH,3,0,11,,x0 = mem [x3+11]
0x1782,LH,7,12,-14,,x12 = mem [x7-14]
0x1784,LH,3,15,-15,,x15 = mem [x3-15]
0x1786,SUB,5,5,11,,x11 = x5 - x5
0x1788,LH,15,7,0,,x7 = mem [x15+0]
0x178A,SH,12,12,15,,mem [x12+15] = x12
0x178C,SH,8,11,6,,mem [x8+6] = x11
0x178E,LH,3,12,10,,x12 = mem [x3+10]
0x1790,ADD,8,0,10,,x10 = x8 + x0
0x1792,SH,14,11,15,,mem [x14+15] = x11
0x1794,BEQ,14,1,4,,if (x14 == x1): PC = PC + 5
0x1796,LH,3,0,15,,x0 = mem [x3+15]
0x1798,SLT,3,6,15,,x15 = x3 < x6
0x179A,SLT,8,0,11,,x11 = x8 < x0
0x179C,LH,8,5,15,,x5 = mem [x8+15]
0x179E,BEQ,4,10,8,,if (x4 == x10): PC = PC + 9
0x17A0,SH,2,4,1,,mem [x2+1] = x4
0x17A2,BEQ,13,14,3,,if (x13 == x14): PC = PC + 4
0x17A4,SH,0,8,-14,,mem [x0-14] = x8
0x17A6,LH,2,6,-7,,x6 = mem [x2-7]
0x17A8,LH,10,11,-10,,x11 = mem [x10-10]
0x17AA,SH,14,12,8,,mem [x14+8] = x12
0x17AC,MUL,14,0,8,,x8 = x14 * x0
0x17AE,LH,3,0,3,,x0 = mem [x3+3]
0x17B0,LH,12,4,15,,x4 = mem [x12+15]
0x17B2,SH,8,12,-3,,mem [x8-3] = x12
0x17B4,BEQ,6,8,9,,if (x6 == x8): PC = PC + 10
0x17B6,SLT,14,13,3,,x3 = x14 < x13
0x17B8,LH,8,13,8,,x13 = mem [x8+8]
0x17BA,LH,0,14,11,,x14 = mem [x0+11]
0x17BC,SH,8,2,-10,,mem [x8-10] = x2
0x17BE,SUB,14,1,3,,x3 = x14 - x1
0x17C0,J,0x17F0,,
0x17C0,SUB,9,6,15,,x15 = x9 - x6
0x17C2,BEQ,11,3,1,,if (x11 == x3): PC = PC + 2
0x17C4,SH,2,6,15,,mem [x2+15] = x6
0x17C6,BEQ,11,13,11,,if (x11 == x13): PC = PC + 12
0x17C8,LH,8,2,0,,x2 = mem [x8+0]
0x17CA,SH,4,5,14,,mem [x4+14] = x5
0x17CC,BEQ,7,2,4,,if (x7 == x2): PC = PC + 5
0x17CE,MUL,4,13,12,,x12 = x4 * x13
0x17D0,ADD,14,5,12,,x12 = x14 + x5
0x17D2,SUB,6,1,0,,x0 = x6 - x1
0x17D4,SUB,3,13,13,,x13 = x3 - x13
0x17D6,SH,9,8,15,,mem [x9+15] = x8
0x17D8,ADD,12,8,9,,x9 = x12 + x8
0x17DA,LH,8,13,-14,,x13 = mem [x8-14]
0x17DC,J,0x1814,,
0x17DC,BEQ,10,5,6,,if (x10 == x5): PC = PC + 7
0x17DE,LH,1,0,2,,x0 = mem [x1+2]
0x17E0,SLT,2,4,2,,x2 = x2 < x4
0x17E2,SUB,11,6,1,,x1 = x11 - x6
0x17E4,SLT,8,11,11,,x11 = x8 < x11
0x17E6,MUL,6,11,4,,x4 = x6 * x11
0x17E8,BEQ,13,10,14,,if (x13 == x10): PC = PC + 15
0x17EA,BEQ,12,12,4,,if (x12 == x12): PC = PC + 5
0x17EC,SH,1,0,-1,,mem [x1-1] = x0
0x17EE,SLT,10,11,5,,x5 = x10 < x11
0x17F0,SH,13,7,1,,mem [x13+1] = x7
0x17F2,MUL,5,2,2,,x2 = x5 * x2
0x17F4,BEQ,0,3,9,,if (x0 == x3): PC = PC + 10
0x17F6,MUL,12,9,9,,x9 = x12 * x9
0x17F8,SLT,9,4,0,,x0 = x9 < x4
0x17FA,LH,4,1,15,,x1 = mem [x4+15]
0x17FC,J,0x17D2,,
0x17FC,SH,6,12,-3,,mem [x6-3] = x12
0x17FE,LH,3,6,13,,x6 = mem [x3+13]
0x1800,LH,3,4,8,,x4 = mem [x3+8]
0x1802,MUL,10,8,3,,x3 = x10 * x8
0x1804,LH,11,0,6,,x0 = mem [x11+6]
0x1806,SLT,5,12,0,,x0 = x5 < x12
0x1808,SH,14,7,-5,,mem [x14-5] = x7
0x180A,SH,11,0,15,,mem [x11+15] = x0
0x180C,LH,8,3,-9,,x3 = mem [x8-9]
0x180E,SH,0,4,11,,mem [x0+11] = x4
0x1810,SUB,10,13,1,,x1 = x10 - x13
0x1812,MUL,5,12,2,,x2 = x5 * x12
0x1814,SH,14,12,-12,,mem [x14-12] = x12
0x1816,LH,8,9,0,,x9 = mem [x8+0]
0x1818,LH,14,6,6,,x6 = mem [x14+6]
0x181A,ADD,12,2,15,,x15 = x12 + x2
0x181C,SH,14,13,-15,,mem [x14-15] = x13
0x181E,SLT,3,13,1,,x1 = x3 < x13
0x1820,LH,15,10,13,,x10 = mem [x15+13]
0x1822,MUL,15,9,3,,x3 = x15 * x9
0x1824,BEQ,5,11,14,,if (x5 == x11): PC = PC + 15
0x1826,SH,9,14,-8,,mem [x9-8] = x14
0x1828,LH,6,13,14,,x13 = mem [x6+14]
0x182A,SLT,11,12,1,,x1 = x11 < x12
0x182C,LH,6,6,1,,x6 = mem [x6+1]
0x182E,MUL,7,12,0,,x0 = x7 * x12
0x1830,LH,12,9,15,,x9 = mem [x12+15]
0x1832,SUB,11,15,8,,x8 = x11 - x15
0x1834,LH,15,15,-15,,x15 = mem [x15-15]
0x1836,LH,13,9,6,,x9 = mem [x13+6]
0x1838,LH,9,7,2,,x7 = mem [x9+2]
0x183A,SH,10,14,-14,,mem [x10-14] = x14
0x183C,MUL,11,6,14,,x14 = x11 * x6
0x183E,SH,9,1,-3,,mem [x9-3] = x1
0x1840,SUB,2,2,6,,x6 = x2 - x2
0x1842,MUL,5,1,8,,x8 = x5 * x1
0x1844,LH,6,13,15,,x13 = mem [x6+15]
0x1846,LH,9,6,6,,x6 = mem [x9+6]
0x1848,SLT,12,4,13,,x13 = x12 < x4
0x184A,LH,1,2,3,,x2 = mem [x1+3]
0x184C,SH,1,11,6,,mem [x1+6] = x11
0x184E,SH,9,2,-10,,mem [x9-10] = x2
0x1850,SUB,6,12,3,,x3 = x6 - x12
0x1852,LH,6,2,15,,x2 = mem [x6+15]
0x1854,LH,9,12,-9,,x12 = mem [x9-9]
0x1856,BEQ,5,5,11,,if (x5 == x5): PC = PC + 12
0x1858,ADD,6,14,0,,x0 = x6 + x14
0x185A,SUB,14,3,8,,x8 = x14 - x3
0x185C,SH,11,10,-10,,mem [x11-10] = x10
0x185E,ADD,8,0,3,,x3 = x8 + x0
0x1860,SH,6,1,-1,,mem [x6-1] = x1
0x1862,LH,13,11,-7,,x11 = mem [x13-7]
0x1864,SUB,12,4,14,,x14 = x12 - x4
0x1866,LH,7,13,0,,x13 = mem [x7+0]
0x1868,SH,12,15,-4,,mem [x12-4] = x15
0x186A,LH,1,3,8,,x3 = mem [x1+8]
0x186C,SUB,5,3,0,,x0 = x5 - x3
0x186E,BEQ,12,3,15,,if (x12 == x3): PC = PC + 16
0x1870,SH,1,5,15,,mem [x1+15] = x5
0x1872,SH,14,11,6,,mem [x14+6] = x11
0x1874,LH,1,8,15,,x8 = mem [x1+15]
0x1876,SH,1,7,4,,mem [x1+4] = x7
0x1878,LH,6,12,15,,x12 = mem [x6+15]
0x187A,SLT,4,14,14,,x14 = x4 < x14
0x187C,SH,7,2,15,,mem [x7+15] = x2
0x187E,SLT,7,4,2,,x2 = x7 < x4
0x1880,SLT,14,15,14,,x14 = x14 < x15
0x1882,SUB,5,11,4,,x4 = x5 - x11
0x1884,BEQ,6,6,15,,if (x6 == x6): PC = PC + 16
0x1886,MUL,11,5,13,,x13 = x11 * x5
0x1888,ADD,14,5,7,,x7 = x14 + x5
0x188A,MUL,0,11,15,,x15 = x0 * x11
0x188C,MUL,12,0,8,,x8 = x12 * x0
0x188E,LH,3,5,-16,,x5 = mem [x3-16]
0x1890,LH,5,6,14,,x6 = mem [x5+14]
0x1892,SLT,1,3,14,,x14 = x1 < x3
0x1894,LH,0,15,3,,x15 = mem [x0+3]
0x1896,LH,0,6,-15,,x6 = mem [x0-15]
0x1898,SUB,13,8,2,,x2 = x13 - x8
0x189A,SUB,7,15,11,,x11 = x7 - x15
0x189C,LH,3,3,10,,x3 = mem [x3+10]
0x189E,SUB,14,5,1,,x1 = x14 - x5
0x18A0,SUB,10,12,11,,x11 = x10 - x12
0x18A2,BEQ,13,6,5,,if (x13 == x6): PC = PC + 6
0x18A4,SUB,9,3,3,,x3 = x9 - x3
0x18A6,SH,14,7,15,,mem [x14+15] = x7
0x18A8,SUB,7,15,1,,x1 = x7 - x15
0x18AA,SH,14,7,15,,mem [x14+15] = x7
0x18AC,ADD,4,2,3,,x3 = x4 + x2
0x18AE,SLT,5,7,8,,x8 = x5 < x7
0x18B0,BEQ,1,1,6,,if (x1 == x1): PC = PC + 7
0x18B2,BEQ,13,4,7,,if (x13 == x4): PC = PC + 8
0x18B4,BEQ,1,1,1,,if (x1 == x1): PC = PC + 2
0x18B6,SH,14,5,15,,mem [x14+15] = x5
0x18B8,SH,3,10,4,,mem [x3+4] = x10
0x18BA,SH,4,7,-14,,mem [x4-14] = x7
0x18BC,SH,5,12,-1,,mem [x5-1] = x12
0x18BE,SH,11,8,15,,mem [x11+15] = x8
0x18C0,LH,10,13,8,,x13 = mem [x10+8]
0x18C2,SUB,13,5,1,,x1 = x13 - x5
0x18C4,LH,12,5,15,,x5 = mem [x12+15]
0x18C6,MUL,2,13,13,,x13 = x2 * x13
0x18C8,SH,1,3,-5,,mem [x1-5] = x3
0x18CA,LH,9,7,-16,,x7 = mem [x9-16]
0x18CC,SLT,14,11,1,,x1 = x14 < x11
0x18CE,SLT,15,3,3,,x3 = x15 < x3
0x18D0,SH,6,7,15,,mem [x6+15] = x7
0x18D2,SUB,8,13,13,,x13 = x8 - x13
0x18D4,BEQ,1,3,12,,if (x1 == x3): PC = PC + 13
0x18D6,MUL,4,14,11,,x11 = x4 * x14
0x18D8,MUL,1,1,13,,x13 = x1 * x1
0x18DA,SH,11,9,-13,,mem [x11-13] = x9
0x18DC,MUL,13,10,8,,x8 = x13 * x10
0x18DE,SUB,0,4,3,,x3 = x0 - x4
0x18E0,LH,8,1,15,,x1 = mem [x8+15]
0x18E2,SH,15,4,6,,mem [x15+6] = x4
0x18E4,LH,3,10,-16,,x10 = mem [x3-16]
0x18E6,MUL,14,8,5,,x5 = x14 * x8
0x18E8,ADD,0,15,10,,x10 = x0 + x15
0x18EA,MUL,1,5,14,,x14 = x1 * x5
0x18EC,SUB,5,10,4,,x4 = x5 - x10
0x18EE,BEQ,1,1,12,,if (x1 == x1): PC = PC + 13
0x18F0,SH,8,3,8,,mem [x8+8] = x3
0x18F2,MUL,3,7,4,,x4 = x3 * x7
0x18F4,SH,4,15,-2,,mem [x4-2] = x15
0x18F6,LH,1,5,-1,,x5 = mem [x1-1]
0x18F8,SLT,7,7,4,,x4 = x7 < x7
0x18FA,LH,1,3,13,,x3 = mem [x1+13]
0x18FC,SLT,13,5,7,,x7 = x13 < x5
0x18FE,SLT,7,13,12,,x12 = x7 < x13
0x1900,SLT,6,12,1,,x1 = x6 < x12
0x1902,SH,10,7,-14,,mem [x10-14] = x7
0x1904,ADD,11,8,15,,x15 = x11 + x8
0x1906,ADD,2,2,0,,x0 = x2 + x2
0x1908,SH,1,4,15,,mem [x1+15] = x4
0x190A,BEQ,8,8,12,,if (x8 == x8): PC = PC + 13
0x190C,BEQ,0,8,4,,if (x0 == x8): PC = PC + 5
0x190E,SUB,1,10,9,,x9 = x1 - x10
0x1910,LH,12,12,5,,x12 = mem [x12+5]
0x1912,SH,14,9,14,,mem [x14+14] = x9
0x1914,BEQ,10,14,15,,if (x10 == x14): PC = PC + 16
0x1916,MUL,2,11,5,,x5 = x2 * x11
0x1918,SH,2,10,13,,mem [x2+13] = x10
0x191A,SLT,5,1,13,,x13 = x5 < x1
0x191C,SH,6,10,-12,,mem [x6-12] = x10
0x191E,ADD,5,6,8,,x8 = x5 + x6
0x1920,SUB,7,13,10,,x10 = x7 - x13
0x1922,SH,0,11,-5,,mem [x0-5] = x11
0x1924,SLT,14,8,15,,x15 = x14 < x8
0x1926,SH,10,6,11,,mem [x10+11] = x6
0x1928,SH,15,0,13,,mem [x15+13] = x0
0x192A,ADD,8,9,1,,x1 = x8 + x9
0x192C,BEQ,14,11,9,,if (x14 == x11): PC = PC + 10
0x192E,SH,10,2,7,,mem [x10+7] = x2
0x1930,LH,7,2,14,,x2 = mem [x7+14]
0x1932,MUL,7,2,8,,x8 = x7 * x2
0x1934,SLT,0,11,15,,x15 = x0 < x11
0x1936,LH,5,15,8,,x15 = mem [x5+8]
0x1938,ADD,7,11,8,,x8 = x7 + x11
0x193A,LH,8,15,-11,,x15 = mem [x8-11]
0x193C,SH,9,0,1,,mem [x9+1] = x0
0x193E,SH,13,6,12,,mem [x13+12] = x6
0x1940,SUB,9,12,12,,x12 = x9 - x12
0x1942,LH,1,10,-13,,x10 = mem [x1-13]
0x1944,MUL,5,13,8,,x8 = x5 * x13
0x1946,ADD,14,12,15,,x15 = x14 + x12
0x1948,MUL,14,6,12,,x12 = x14 * x6
0x194A,SUB,9,15,6,,x6 = x9 - x15
0x194C,MUL,6,0,6,,x6 = x6 * x0
0x194E,SLT,4,8,3,,x3 = x4 < x8
0x1950,SH,9,13,-14,,mem [x9-14] = x13
0x1952,BEQ,11,11,3,,if (x11 == x11): PC = PC + 4
0x1954,LH,1,10,-2,,x10 = mem [x1-2]
0x1956,SH,11,10,-11,,mem [x11-11] = x10
0x1958,SH,0,12,15,,mem [x0+15] = x12
0x195A,SH,5,7,15,,mem [x5+15] = x7
0x195C,ADD,4,5,11,,x11 = x4 + x5
0x195E,LH,9,1,-7,,x1 = mem [x9-7]
0x1960,SH,5,5,10,,mem [x5+10] = x5
0x1962,SUB,9,11,14,,x14 = x9 - x11
0x1964,BEQ,5,5,12,,if (x5 == x5): PC = PC + 13
0x1966,SLT,15,14,14,,x14 = x15 < x14
0x1968,LH,1,8,0,,x8 = mem [x1+0]
0x196A,LH,2,15,1,,x15 = mem [x2+1]
0x196C,MUL,13,11,15,,x15 = x13 * x11
0x196E,LH,3,5,-8,,x5 = mem [x3-8]
0x1970,SLT,7,7,7,,x7 = x7 < x7
0x1972,SUB,4,12,3,,x3 = x4 - x12
0x1974,LH,7,2,2,,x2 = mem [x7+2]
0x1976,SUB,6,6,7,,x7 = x6 - x6
0x1978,SH,2,3,3,,mem [x2+3] = x3
0x197A,BEQ,6,0,1,,if (x6 == x0): PC = PC + 2
0x197C,LH,13,6,10,,x6 = mem [x13+10]
0x197E,SH,2,1,5,,mem [x2+5] = x1
0x1980,LH,6,3,7,,x3 = mem [x6+7]
0x1982,MUL,14,7,3,,x3 = x14 * x7
0x1984,SH,5,6,7,,mem [x5+7] = x6
0x1986,SH,8,7,13,,mem [x8+13] = x7
0x1988,ADD,2,15,7,,x7 = x2 + x15
0x198A,MUL,8,8,2,,x2 = x8 * x8
0x198C,LH,8,5,15,,x5 = mem [x8+15]
0x198E,LH,15,2,-12,,x2 = mem [x15-12]
0x1990,BEQ,13,2,14,,if (x13 == x2): PC = PC + 15
0x1992,BEQ,12,2,12,,if (x12 == x2): PC = PC + 13
0x1994,SUB,7,15,7,,x7 = x7 - x15
0x1996,SUB,4,5,8,,x8 = x4 - x5
0x1998,ADD,10,12,10,,x10 = x10 + x12
0x199A,BEQ,3,3,2,,if (x3 == x3): PC = PC + 3
0x199C,SLT,0,2,0,,x0 = x0 < x2
0x199E,SH,8,5,-8,,mem [x8-8] = x5
0x19A0,BEQ,2,2,13,,if (x2 == x2): PC = PC + 14
0x19A2,LH,14,2,-10,,x2 = mem [x14-10]
0x19A4,ADD,10,10,7,,x7 = x10 + x10
0x19A6,LH,0,10,3,,x10 = mem [x0+3]
0x19A8,LH,9,8,11,,x8 = mem [x9+11]
0x19AA,SH,1,6,-5,,mem [x1-5] = x6
0x19AC,SH,12,5,7,,mem [x12+7] = x5
0x19AE,BEQ,8,4,6,,if (x8 == x4): PC = PC + 7
0x19B0,SH,4,9,5,,mem [x4+5] = x9
0x19B2,LH,12,4,-4,,x4 = mem [x12-4]
0x19B4,ADD,0,6,4,,x4 = x0 + x6
0x19B6,BEQ,15,4,14,,if (x15 == x4): PC = PC + 15
0x19B8,SH,6,13,-2,,mem [x6-2] = x13
0x19BA,SH,7,1,-8,,mem [x7-8] = x1
0x19BC,LH,5,11,13,,x11 = mem [x5+13]
0x19BE,ADD,8,2,2,,x2 = x8 + x2
0x19C0,SH,12,0,15,,mem [x12+15] = x0
0x19C2,LH,6,11,15,,x11 = mem [x6+15]
0x19C4,LH,5,12,13,,x12 = mem [x5+13]
0x19C6,BEQ,7,0,4,,if (x7 == x0): PC = PC + 5
0x19C8,LH,5,4,15,,x4 = mem [x5+15]
0x19CA,MUL,4,4,6,,x6 = x4 * x4
0x19CC,LH,14,12,11,,x12 = mem [x14+11]
0x19CE,LH,4,13,0,,x13 = mem [x4+0]
0x19D0,SUB,7,4,0,,x0 = x7 - x4
0x19D2,MUL,1,9,15,,x15 = x1 * x9
0x19D4,MUL,0,14,7,,x7 = x0 * x14
0x19D6,LH,6,2,13,,x2 = mem [x6+13]
0x19D8,MUL,14,15,6,,x6 = x14 * x15
0x19DA,LH,7,4,4,,x4 = mem [x7+4]
0x19DC,SH,13,14,15,,mem [x13+15] = x14
0x19DE,SLT,13,9,14,,x14 = x13 < x9
0x19E0,LH,13,5,15,,x5 = mem [x13+15]
0x19E2,SH,4,13,12,,mem [x4+12] = x13
0x19E4,SH,13,12,15,,mem [x13+15] = x12
0x19E6,SH,0,13,15,,mem [x0+15] = x13
0x19E8,SH,0,10,6,,mem [x0+6] = x10
0x19EA,SLT,14,4,8,,x8 = x14 < x4
0x19EC,SLT,12,1,13,,x13 = x12 < x1
0x19EE,MUL,8,7,5,,x5 = x8 * x7
0x19F0,SUB,2,3,10,,x10 = x2 - x3
0x19F2,BEQ,6,2,2,,if (x6 == x2): PC = PC + 3
0x19F4,SH,0,9,15,,mem [x0+15] = x9
0x19F6,MUL,13,13,1,,x1 = x13 * x13
0x19F8,BEQ,13,12,4,,if (x13 == x12): PC = PC + 5
0x19FA,MUL,3,9,11,,x11 = x3 * x9
0x19FC,SLT,9,12,7,,x7 = x9 < x12
0x19FE,SH,4,0,15,,mem [x4+15] = x0
0x1A00,MUL,9,0,9,,x9 = x9 * x0
0x1A02,SH,14,8,15,,mem [x14+15] = x8
0x1A04,SLT,14,15,12,,x12 = x14 < x15
0x1A06,SH,13,13,15,,mem [x13+15] = x13
0x1A08,ADD,8,5,14,,x14 = x8 + x5
0x1A0A,BEQ,7,7,8,,if (x7 == x7): PC = PC + 9
0x1A0C,SUB,3,8,2,,x2 = x3 - x8
0x1A0E,LH,12,6,6,,x6 = mem [x12+6]
0x1A10,BEQ,14,12,3,,if (x14 == x12): PC = PC + 4
0x1A12,LH,1,12,10,,x12 = mem [x1+10]
0x1A14,SH,2,7,5,,mem [x2+5] = x7
0x1A16,SH,11,2,-1,,mem [x11-1] = x2
0x1A18,BEQ,14,10,6,,if (x14 == x10): PC = PC + 7
0x1A1A,LH,4,6,-11,,x6 = mem [x4-11]
0x1A1C,SH,5,0,15,,mem [x5+15] = x0
0x1A1E,LH,0,13,15,,x13 = mem [x0+15]
0x1A20,BEQ,1,2,8,,if (x1 == x2): PC = PC + 9
0x1A22,SH,12,14,4,,mem [x12+4] = x14
0x1A24,SH,12,10,9,,mem [x12+9] = x10
0x1A26,SUB,1,8,11,,x11 = x1 - x8
0x1A28,LH,7,7,11,,x7 = mem [x7+11]
0x1A2A,SH,13,3,15,,mem [x13+15] = x3
0x1A2C,ADD,5,7,4,,x4 = x5 + x7
0x1A2E,LH,5,5,15,,x5 = mem [x5+15]
0x1A30,LH,11,4,15,,x4 = mem [x11+15]
0x1A32,SH,1,3,15,,mem [x1+15] = x3
0x1A34,LH,12,3,15,,x3 = mem [x12+15]
0x1A36,LH,0,8,6,,x8 = mem [x0+6]
0x1A38,SH,9,0,11,,mem [x9+11] = x0
0x1A3A,SH,13,13,5,,mem [x13+5] = x13
0x1A3C,LH,11,15,6,,x15 = mem [x11+6]
0x1A3E,SH,7,15,15,,mem [x7+15] = x15
0x1A40,LH,11,9,15,,x9 = mem [x11+15]
0x1A42,SH,7,12,15,,mem [x7+15] = x12
0x1A44,SUB,7,9,5,,x5 = x7 - x9
0x1A46,SUB,1,8,11,,x11 = x1 - x8
0x1A48,SH,11,3,11,,mem [x11+11] = x3
0x1A4A,SH,11,0,0,,mem [x11+0] = x0
0x1A4C,SLT,6,9,10,,x10 = x6 < x9
0x1A4E,SH,14,7,15,,mem [x14+15] = x7
0x1A50,SH,7,10,15,,mem [x7+15] = x10
0x1A52,MUL,14,11,10,,x10 = x14 * x11
0x1A54,SH,0,9,2,,mem [x0+2] = x9
0x1A56,ADD,8,6,14,,x14 = x8 + x6
0x1A58,MUL,2,11,8,,x8 = x2 * x11
0x1A5A,LH,7,1,-1,,x1 = mem [x7-1]
0x1A5C,ADD,10,4,2,,x2 = x10 + x4
0x1A5E,SH,7,1,0,,mem [x7+0] = x1
0x1A60,SUB,14,11,10,,x10 = x14 - x11
0x1A62,SUB,5,14,5,,x5 = x5 - x14
0x1A64,BEQ,2,3,1,,if (x2 == x3): PC = PC + 2
0x1A66,LH,7,7,15,,x7 = mem [x7+15]
0x1A68,LH,7,4,15,,x4 = mem [x7+15]
0x1A6A,LH,7,14,15,,x14 = mem [x7+15]
0x1A6C,LH,11,8,-1,,x8 = mem [x11-1]
0x1A6E,LH,0,11,13,,x11 = mem [x0+13]
0x1A70,LH,7,4,10,,x4 = mem [x7+10]
0x1A72,SH,0,3,13,,mem [x0+13] = x3
0x1A74,SH,7,15,15,,mem [x7+15] = x15
0x1A76,SLT,1,6,5,,x5 = x1 < x6
0x1A78,SUB,5,8,11,,x11 = x5 - x8
0x1A7A,ADD,8,10,3,,x3 = x8 + x10
0x1A7C,BEQ,2,14,2,,if (x2 == x14): PC = PC + 3
0x1A7E,LH,0,14,15,,x14 = mem [x0+15]
0x1A80,BEQ,9,9,0,,if (x9 == x9): PC = PC + 1
0x1A82,SLT,3,14,1,,x1 = x3 < x14
0x1A84,SH,1,10,15,,mem [x1+15] = x10
0x1A86,LH,0,5,6,,x5 = mem [x0+6]
0x1A88,SH,1,6,8,,mem [x1+8] = x6
0x1A8A,LH,8,15,12,,x15 = mem [x8+12]
0x1A8C,LH,0,1,5,,x1 = mem [x0+5]
0x1A8E,MUL,4,11,15,,x15 = x4 * x11
0x1A90,LH,7,5,11,,x5 = mem [x7+11]
0x1A92,MUL,11,6,10,,x10 = x11 * x6
0x1A94,LH,1,2,8,,x2 = mem [x1+8]
0x1A96,SH,12,12,0,,mem [x12+0] = x12
0x1A98,SH,13,9,15,,mem [x13+15] = x9
0x1A9A,LH,15,13,7,,x13 = mem [x15+7]
0x1A9C,SH,12,15,15,,mem [x12+15] = x15
0x1A9E,LH,0,1,15,,x1 = mem [x0+15]
0x1AA0,LH,4,15,15,,x15 = mem [x4+15]
0x1AA2,MUL,6,6,12,,x12 = x6 * x6
0x1AA4,LH,4,10,0,,x10 = mem [x4+0]
0x1AA6,MUL,9,14,13,,x13 = x9 * x14
0x1AA8,LH,0,13,15,,x13 = mem [x0+15]
0x1AAA,SUB,6,13,12,,x12 = x6 - x13
0x1AAC,MUL,5,12,4,,x4 = x5 * x12
0x1AAE,ADD,15,4,1,,x1 = x15 + x4
0x1AB0,SH,0,12,15,,mem [x0+15] = x12
0x1AB2,BEQ,5,5,12,,if (x5 == x5): PC = PC + 13
0x1AB4,ADD,2,6,9,,x9 = x2 + x6
0x1AB6,SH,10,13,-12,,mem [x10-12] = x13
0x1AB8,SH,0,11,14,,mem [x0+14] = x11
0x1ABA,BEQ,4,4,5,,if (x4 == x4): PC = PC + 6
0x1ABC,LH,12,5,3,,x5 = mem [x12+3]
0x1ABE,SH,13,6,15,,mem [x13+15] = x6
0x1AC0,MUL,4,2,12,,x12 = x4 * x2
0x1AC2,MUL,2,10,14,,x14 = x2 * x10
0x1AC4,SH,3,6,-13,,mem [x3-13] = x6
0x1AC6,LH,5,14,-1,,x14 = mem [x5-1]
0x1AC8,SLT,15,7,9,,x9 = x15 < x7
0x1ACA,SLT,6,0,10,,x10 = x6 < x0
0x1ACC,SH,0,5,15,,mem [x0+15] = x5
0x1ACE,SH,0,14,15,,mem [x0+15] = x14
0x1AD0,MUL,14,14,6,,x6 = x14 * x14
0x1AD2,LH,8,11,-5,,x11 = mem [x8-5]
0x1AD4,SH,0,9,15,,mem [x0+15] = x9
0x1AD6,LH,7,6,8,,x6 = mem [x7+8]
0x1AD8,SH,7,7,4,,mem [x7+4] = x7
0x1ADA,LH,7,9,15,,x9 = mem [x7+15]
0x1ADC,MUL,3,11,4,,x4 = x3 * x11
0x1ADE,BEQ,10,10,9,,if (x10 == x10): PC = PC + 10
0x1AE0,LH,6,7,4,,x7 = mem [x6+4]
0x1AE2,LH,13,3,-5,,x3 = mem [x13-5]
0x1AE4,SH,12,7,-3,,mem [x12-3] = x7
0x1AE6,ADD,15,9,13,,x13 = x15 + x9
0x1AE8,SUB,8,1,8,,x8 = x8 - x1
0x1AEA,SUB,0,10,5,,x5 = x0 - x10
0x1AEC,BEQ,8,8,2,,if (x8 == x8): PC = PC + 3
0x1AEE,SUB,14,11,7,,x7 = x14 - x11
0x1AF0,ADD,6,8,2,,x2 = x6 + x8
0x1AF2,LH,0,4,15,,x4 = mem [x0+15]
0x1AF4,BEQ,2,2,5,,if (x2 == x2): PC = PC + 6
0x1AF6,SH,12,2,-13,,mem [x12-13] = x2
0x1AF8,MUL,1,15,3,,x3 = x1 * x15
0x1AFA,SLT,5,3,6,,x6 = x5 < x3
0x1AFC,SLT,5,5,4,,x4 = x5 < x5
0x1AFE,MUL,7,3,14,,x14 = x7 * x3
0x1B00,BEQ,0,0,8,,if (x0 == x0): PC = PC + 9
0x1B02,MUL,9,14,4,,x4 = x9 * x14
0x1B04,SLT,6,2,15,,x15 = x6 < x2
0x1B06,MUL,15,14,14,,x14 = x15 * x14
0x1B08,SH,4,11,-7,,mem [x4-7] = x11
0x1B0A,MUL,7,9,8,,x8 = x7 * x9
0x1B0C,LH,14,4,5,,x4 = mem [x14+5]
0x1B0E,LH,13,2,-15,,x2 = mem [x13-15]
0x1B10,SLT,5,14,4,,x4 = x5 < x14
0x1B12,SH,0,2,9,,mem [x0+9] = x2
0x1B14,MUL,11,11,1,,x1 = x11 * x11
0x1B16,BEQ,9,12,9,,if (x9 == x12): PC = PC + 10
0x1B18,SUB,14,6,11,,x11 = x14 - x6
0x1B1A,ADD,1,6,7,,x7 = x1 + x6
0x1B1C,LH,8,10,-4,,x10 = mem [x8-4]
0x1B1E,SH,0,7,15,,mem [x0+15] = x7
0x1B20,SH,2,4,15,,mem [x2+15] = x4
0x1B22,SLT,3,12,4,,x4 = x3 < x12
0x1B24,SH,0,2,15,,mem [x0+15] = x2
0x1B26,SLT,4,2,7,,x7 = x4 < x2
0x1B28,SUB,12,10,4,,x4 = x12 - x10
0x1B2A,ADD,1,12,6,,x6 = x1 + x12
0x1B2C,LH,0,4,2,,x4 = mem [x0+2]
0x1B2E,SUB,12,8,8,,x8 = x12 - x8
0x1B30,SLT,8,8,4,,x4 = x8 < x8
0x1B32,BEQ,11,11,7,,if (x11 == x11): PC = PC + 8
0x1B34,SH,6,15,-15,,mem [x6-15] = x15
0x1B36,LH,6,5,6,,x5 = mem [x6+6]
0x1B38,LH,14,5,-10,,x5 = mem [x14-10]
0x1B3A,LH,9,3,-12,,x3 = mem [x9-12]
0x1B3C,MUL,7,4,13,,x13 = x7 * x4
0x1B3E,MUL,11,13,6,,x6 = x11 * x13
0x1B40,SH,9,8,-14,,mem [x9-14] = x8
0x1B42,SLT,0,14,6,,x6 = x0 < x14
0x1B44,LH,2,5,15,,x5 = mem [x2+15]
0x1B46,SH,5,4,4,,mem [x5+4] = x4
0x1B48,LH,4,14,15,,x14 = mem [x4+15]
0x1B4A,SH,5,8,8,,mem [x5+8] = x8
0x1B4C,SLT,0,2,9,,x9 = x0 < x2
0x1B4E,SH,0,6,9,,mem [x0+9] = x6
0x1B50,LH,10,11,-4,,x11 = mem [x10-4]
0x1B52,SH,2,8,15,,mem [x2+15] = x8
0x1B54,SH,6,0,15,,mem [x6+15] = x0
0x1B56,SH,6,7,12,,mem [x6+12] = x7
0x1B58,MUL,13,5,9,,x9 = x13 * x5
0x1B5A,LH,0,2,8,,x2 = mem [x0+8]
0x1B5C,SH,4,13,13,,mem [x4+13] = x13
0x1B5E,SH,14,2,15,,mem [x14+15] = x2
0x1B60,LH,5,13,6,,x13 = mem [x5+6]
0x1B62,SH,9,3,6,,mem [x9+6] = x3
0x1B64,SLT,15,13,6,,x6 = x15 < x13
0x1B66,SUB,3,13,8,,x8 = x3 - x13
0x1B68,BEQ,5,1,15,,if (x5 == x1): PC = PC + 16
0x1B6A,LH,0,5,7,,x5 = mem [x0+7]
0x1B6C,LH,6,14,6,,x14 = mem [x6+6]
0x1B6E,SH,6,11,15,,mem [x6+15] = x11
0x1B70,MUL,0,13,4,,x4 = x0 * x13
0x1B72,SUB,1,12,13,,x13 = x1 - x12
0x1B74,ADD,10,11,3,,x3 = x10 + x11
0x1B76,LH,0,10,4,,x10 = mem [x0+4]
0x1B78,SH,3,3,0,,mem [x3+0] = x3
0x1B7A,SUB,13,6,14,,x14 = x13 - x6
0x1B7C,MUL,7,1,6,,x6 = x7 * x1
0x1B7E,SLT,1,12,5,,x5 = x1 < x12
0x1B80,LH,3,2,15,,x2 = mem [x3+15]
0x1B82,SH,2,13,12,,mem [x2+12] = x13
0x1B84,SH,0,14,0,,mem [x0+0] = x14
0x1B86,SH,10,6,15,,mem [x10+15] = x6
0x1B88,SUB,10,7,8,,x8 = x10 - x7
0x1B8A,LH,4,0,15,,x0 = mem [x4+15]
0x1B8C,LH,10,9,15,,x9 = mem [x10+15]
0x1B8E,SH,0,2,3,,mem [x0+3] = x2
0x1B90,SUB,7,11,7,,x7 = x7 - x11
0x1B92,LH,0,13,10,,x13 = mem [x0+10]
0x1B94,MUL,2,9,1,,x1 = x2 * x9
0x1B96,SH,2,8,3,,mem [x2+3] = x8
0x1B98,SUB,8,9,9,,x9 = x8 - x9
0x1B9A,SUB,9,3,2,,x2 = x9 - x3
0x1B9C,SH,0,4,7,,mem [x0+7] = x4
0x1B9E,SH,1,6,1,,mem [x1+1] = x6
0x1BA0,SH,0,0,15,,mem [x0+15] = x0
0x1BA2,J,0x1BF8,,
0x1BA2,LH,15,14,15,,x14 = mem [x15+15]
0x1BA4,SUB,3,14,15,,x15 = x3 - x14
0x1BA6,LH,9,1,4,,x1 = mem [x9+4]
0x1BA8,SH,15,9,6,,mem [x15+6] = x9
0x1BAA,BEQ,11,10,3,,if (x11 == x10): PC = PC + 4
0x1BAC,SH,6,13,-5,,mem [x6-5] = x13
0x1BAE,MUL,11,12,14,,x14 = x11 * x12
0x1BB0,SH,1,12,1,,mem [x1+1] = x12
0x1BB2,LH,10,5,12,,x5 = mem [x10+12]
0x1BB4,SH,13,9,7,,mem [x13+7] = x9
0x1BB6,BEQ,10,10,5,,if (x10 == x10): PC = PC + 6
0x1BB8,SH,11,4,11,,mem [x11+11] = x4
0x1BBA,SUB,14,0,7,,x7 = x14 - x0
0x1BBC,LH,10,9,10,,x9 = mem [x10+10]
0x1BBE,LH,6,0,-4,,x0 = mem [x6-4]
0x1BC0,SH,4,9,-5,,mem [x4-5] = x9
0x1BC2,J,0x1C1E,,
0x1BC2,SH,9,3,5,,mem [x9+5] = x3
0x1BC4,SH,13,3,-14,,mem [x13-14] = x3
0x1BC6,SH,10,2,-15,,mem [x10-15] = x2
0x1BC8,SUB,11,13,2,,x2 = x11 - x13
0x1BCA,LH,3,1,4,,x1 = mem [x3+4]
0x1BCC,BEQ,3,3,3,,if (x3 == x3): PC = PC + 4
0x1BCE,BEQ,10,10,6,,if (x10 == x10): PC = PC + 7
0x1BD0,LH,9,13,13,,x13 = mem [x9+13]
0x1BD2,LH,12,14,-2,,x14 = mem [x12-2]
0x1BD4,LH,9,7,15,,x7 = mem [x9+15]
0x1BD6,SH,13,6,15,,mem [x13+15] = x6
0x1BD8,LH,6,10,9,,x10 = mem [x6+9]
0x1BDA,LH,13,2,15,,x2 = mem [x13+15]
0x1BDC,J,0x1BBA,,
0x1BDC,ADD,12,11,2,,x2 = x12 + x11
0x1BDE,SH,1,6,15,,mem [x1+15] = x6
0x1BE0,SH,6,3,14,,mem [x6+14] = x3
0x1BE2,LH,7,10,-10,,x10 = mem [x7-10]
0x1BE4,LH,0,8,4,,x8 = mem [x0+4]
0x1BE6,SLT,14,9,13,,x13 = x14 < x9
0x1BE8,ADD,4,3,15,,x15 = x4 + x3
0x1BEA,SLT,6,4,6,,x6 = x6 < x4
0x1BEC,ADD,7,2,11,,x11 = x7 + x2
0x1BEE,SUB,8,1,15,,x15 = x8 - x1
0x1BF0,SUB,3,13,3,,x3 = x3 - x13
0x1BF2,SH,13,3,15,,mem [x13+15] = x3
0x1BF4,SUB,10,14,6,,x6 = x10 - x14
0x1BF6,LH,13,5,4,,x5 = mem [x13+4]
0x1BF8,LH,13,6,15,,x6 = mem [x13+15]
0x1BFA,SH,15,6,8,,mem [x15+8] = x6
0x1BFC,LH,3,4,-3,,x4 = mem [x3-3]
0x1BFE,LH,8,10,14,,x10 = mem [x8+14]
0x1C00,J,0x1BE0,,
0x1C00,SH,15,13,0,,mem [x15+0] = x13
0x1C02,LH,8,10,15,,x10 = mem [x8+15]
0x1C04,LH,5,3,-7,,x3 = mem [x5-7]
0x1C06,LH,13,9,2,,x9 = mem [x13+2]
0x1C08,MUL,15,7,6,,x6 = x15 * x7
0x1C0A,LH,5,14,14,,x14 = mem [x5+14]
0x1C0C,SH,6,10,9,,mem [x6+9] = x10
0x1C0E,SH,8,9,15,,mem [x8+15] = x9
0x1C10,SUB,0,9,10,,x10 = x0 - x9
0x1C12,LH,1,4,15,,x4 = mem [x1+15]
0x1C14,SH,13,6,15,,mem [x13+15] = x6
0x1C16,LH,13,8,10,,x8 = mem [x13+10]
0x1C18,MUL,13,11,9,,x9 = x13 * x11
0x1C1A,SH,5,12,12,,mem [x5+12] = x12
0x1C1C,LH,7,14,-13,,x14 = mem [x7-13]
0x1C1E,ADD,2,10,0,,x0 = x2 + x10
0x1C20,SH,5,7,12,,mem [x5+12] = x7
0x1C22,ADD,0,13,1,,x1 = x0 + x13
0x1C24,LH,2,7,14,,x7 = mem [x2+14]
0x1C26,LH,13,6,7,,x6 = mem [x13+7]
0x1C28,SH,5,10,-6,,mem [x5-6] = x10
0x1C2A,SUB,1,3,13,,x13 = x1 - x3
0x1C2C,SUB,1,10,13,,x13 = x1 - x10
0x1C2E,SLT,4,11,6,,x6 = x4 < x11
0x1C30,SLT,14,14,4,,x4 = x14 < x14
0x1C32,LH,4,6,15,,x6 = mem [x4+15]
0x1C34,ADD,8,14,13,,x13 = x8 + x14
0x1C36,MUL,5,6,4,,x4 = x5 * x6
0x1C38,LH,14,9,6,,x9 = mem [x14+6]
0x1C3A,MUL,9,3,4,,x4 = x9 * x3
0x1C3C,LH,3,1,5,,x1 = mem [x3+5]
0x1C3E,LH,9,13,2,,x13 = mem [x9+2]
0x1C40,SUB,0,8,9,,x9 = x0 - x8
0x1C42,ADD,11,15,11,,x11 = x11 + x15
0x1C44,SH,3,13,-16,,mem [x3-16] = x13
0x1C46,ADD,15,2,4,,x4 = x15 + x2
0x1C48,LH,14,15,-1,,x15 = mem [x14-1]
0x1C4A,LH,14,15,7,,x15 = mem [x14+7]
0x1C4C,MUL,3,13,3,,x3 = x3 * x13
0x1C4E,LH,14,4,-1,,x4 = mem [x14-1]
0x1C50,BEQ,6,6,2,,if (x6 == x6): PC = PC + 3
0x1C52,LH,8,0,-8,,x0 = mem [x8-8]
0x1C54,SH,1,14,-1,,mem [x1-1] = x14
0x1C56,LH,14,12,-2,,x12 = mem [x14-2]
0x1C58,SH,12,6,15,,mem [x12+15] = x6
0x1C5A,SUB,4,6,9,,x9 = x4 - x6
0x1C5C,BEQ,15,15,13,,if (x15 == x15): PC = PC + 14
0x1C5E,SLT,6,12,10,,x10 = x6 < x12
0x1C60,SH,12,5,8,,mem [x12+8] = x5
0x1C62,LH,9,7,12,,x7 = mem [x9+12]
0x1C64,SLT,11,3,4,,x4 = x11 < x3
0x1C66,SH,9,1,8,,mem [x9+8] = x1
0x1C68,ADD,1,6,8,,x8 = x1 + x6
0x1C6A,LH,8,9,2,,x9 = mem [x8+2]
0x1C6C,ADD,9,9,5,,x5 = x9 + x9
0x1C6E,SH,5,6,-14,,mem [x5-14] = x6
0x1C70,SUB,2,3,11,,x11 = x2 - x3
0x1C72,LH,3,2,10,,x2 = mem [x3+10]
0x1C74,SLT,0,3,5,,x5 = x0 < x3
0x1C76,SH,12,8,-5,,mem [x12-5] = x8
0x1C78,BEQ,9,9,5,,if (x9 == x9): PC = PC + 6
0x1C7A,SH,11,14,-8,,mem [x11-8] = x14
0x1C7C,LH,14,11,9,,x11 = mem [x14+9]
0x1C7E,ADD,10,11,12,,x12 = x10 + x11
0x1C80,SLT,0,0,3,,x3 = x0 < x0
0x1C82,SH,8,6,13,,mem [x8+13] = x6
0x1C84,SH,1,14,8,,mem [x1+8] = x14
0x1C86,LH,14,10,3,,x10 = mem [x14+3]
0x1C88,BEQ,12,15,8,,if (x12 == x15): PC = PC + 9
0x1C8A,SUB,9,9,5,,x5 = x9 - x9
0x1C8C,BEQ,4,4,12,,if (x4 == x4): PC = PC + 13
0x1C8E,SUB,8,5,10,,x10 = x8 - x5
0x1C90,ADD,8,10,3,,x3 = x8 + x10
0x1C92,SLT,2,6,6,,x6 = x2 < x6
0x1C94,SH,2,4,9,,mem [x2+9] = x4
0x1C96,SH,1,1,2,,mem [x1+2] = x1
0x1C98,LH,5,13,-15,,x13 = mem [x5-15]
0x1C9A,SH,0,11,-14,,mem [x0-14] = x11
0x1C9C,SH,9,13,-1,,mem [x9-1] = x13
0x1C9E,ADD,14,6,15,,x15 = x14 + x6
0x1CA0,SUB,14,5,7,,x7 = x14 - x5
0x1CA2,SH,11,11,12,,mem [x11+12] = x11
0x1CA4,LH,15,2,-14,,x2 = mem [x15-14]
0x1CA6,LH,1,14,6,,x14 = mem [x1+6]
0x1CA8,LH,12,10,4,,x10 = mem [x12+4]
0x1CAA,SLT,11,5,8,,x8 = x11 < x5
0x1CAC,SH,8,9,15,,mem [x8+15] = x9
0x1CAE,MUL,5,2,14,,x14 = x5 * x2
0x1CB0,SLT,0,11,12,,x12 = x0 < x11
0x1CB2,ADD,15,8,12,,x12 = x15 + x8
0x1CB4,LH,1,8,15,,x8 = mem [x1+15]
0x1CB6,BEQ,0,0,4,,if (x0 == x0): PC = PC + 5
0x1CB8,SLT,10,10,2,,x2 = x10 < x10
0x1CBA,LH,15,10,-3,,x10 = mem [x15-3]
0x1CBC,LH,5,13,7,,x13 = mem [x5+7]
0x1CBE,SH,11,14,-12,,mem [x11-12] = x14
0x1CC0,BEQ,7,5,2,,if (x7 == x5): PC = PC + 3
0x1CC2,BEQ,8,13,5,,if (x8 == x13): PC = PC + 6
0x1CC4,LH,12,7,-7,,x7 = mem [x12-7]
0x1CC6,LH,2,11,15,,x11 = mem [x2+15]
0x1CC8,SUB,5,14,4,,x4 = x5 - x14
0x1CCA,LH,6,1,15,,x1 = mem [x6+15]
0x1CCC,SH,7,2,9,,mem [x7+9] = x2
0x1CCE,SH,14,13,15,,mem [x14+15] = x13
0x1CD0,ADD,6,2,15,,x15 = x6 + x2
0x1CD2,BEQ,15,15,3,,if (x15 == x15): PC = PC + 4
0x1CD4,LH,13,13,-13,,x13 = mem [x13-13]
0x1CD6,SH,15,5,-2,,mem [x15-2] = x5
0x1CD8,SH,10,13,0,,mem [x10+0] = x13
0x1CDA,SH,4,6,8,,mem [x4+8] = x6
0x1CDC,ADD,2,6,6,,x6 = x2 + x6
0x1CDE,SLT,3,14,10,,x10 = x3 < x14
0x1CE0,MUL,8,5,1,,x1 = x8 * x5
0x1CE2,SUB,7,1,6,,x6 = x7 - x1
0x1CE4,SH,15,6,-8,,mem [x15-8] = x6
0x1CE6,SUB,1,5,3,,x3 = x1 - x5
0x1CE8,SH,15,13,-4,,mem [x15-4] = x13
0x1CEA,SUB,15,0,13,,x13 = x15 - x0
0x1CEC,BEQ,8,10,5,,if (x8 == x10): PC = PC + 6
0x1CEE,LH,6,15,-2,,x15 = mem [x6-2]
0x1CF0,LH,7,11,2,,x11 = mem [x7+2]
0x1CF2,SUB,4,6,1,,x1 = x4 - x6
0x1CF4,LH,1,10,7,,x10 = mem [x1+7]
0x1CF6,BEQ,3,3,15,,if (x3 == x3): PC = PC + 16
0x1CF8,LH,11,11,1,,x11 = mem [x11+1]
0x1CFA,LH,1,15,8,,x15 = mem [x1+8]
0x1CFC,LH,8,13,15,,x13 = mem [x8+15]
0x1CFE,SH,1,12,15,,mem [x1+15] = x12
0x1D00,SLT,14,15,5,,x5 = x14 < x15
0x1D02,SLT,4,8,9,,x9 = x4 < x8
0x1D04,SH,12,8,-5,,mem [x12-5] = x8
0x1D06,SH,1,13,15,,mem [x1+15] = x13
0x1D08,MUL,10,1,0,,x0 = x10 * x1
0x1D0A,ADD,12,0,0,,x0 = x12 + x0
0x1D0C,LH,6,13,3,,x13 = mem [x6+3]
0x1D0E,SH,15,11,8,,mem [x15+8] = x11
0x1D10,MUL,5,10,10,,x10 = x5 * x10
0x1D12,BEQ,2,0,14,,if (x2 == x0): PC = PC + 15
0x1D14,SLT,15,11,3,,x3 = x15 < x11
0x1D16,LH,12,8,3,,x8 = mem [x12+3]
0x1D18,LH,7,3,15,,x3 = mem [x7+15]
0x1D1A,SH,10,13,11,,mem [x10+11] = x13
0x1D1C,SH,1,14,15,,mem [x1+15] = x14
0x1D1E,LH,1,1,15,,x1 = mem [x1+15]
0x1D20,MUL,11,7,6,,x6 = x11 * x7
0x1D22,SH,12,7,15,,mem [x12+15] = x7
0x1D24,LH,0,12,-5,,x12 = mem [x0-5]
0x1D26,LH,14,3,15,,x3 = mem [x14+15]
0x1D28,LH,7,15,15,,x15 = mem [x7+15]
0x1D2A,SH,14,14,11,,mem [x14+11] = x14
0x1D2C,SH,7,9,4,,mem [x7+4] = x9
0x1D2E,LH,4,7,14,,x7 = mem [x4+14]
0x1D30,MUL,1,10,12,,x12 = x1 * x10
0x1D32,ADD,15,15,6,,x6 = x15 + x15
0x1D34,SLT,13,4,0,,x0 = x13 < x4
0x1D36,SH,12,6,15,,mem [x12+15] = x6
0x1D38,MUL,7,13,5,,x5 = x7 * x13
0x1D3A,LH,13,2,15,,x2 = mem [x13+15]
0x1D3C,SLT,7,2,3,,x3 = x7 < x2
0x1D3E,LH,12,2,15,,x2 = mem [x12+15]
0x1D40,SH,1,0,2,,mem [x1+2] = x0
0x1D42,LH,12,0,15,,x0 = mem [x12+15]
0x1D44,SUB,12,15,7,,x7 = x12 - x15
0x1D46,SH,9,11,1,,mem [x9+1] = x11
0x1D48,SH,12,13,15,,mem [x12+15] = x13
0x1D4A,SH,12,5,15,,mem [x12+15] = x5
0x1D4C,SH,9,3,15,,mem [x9+15] = x3
0x1D4E,ADD,9,2,2,,x2 = x9 + x2
0x1D50,SLT,6,3,0,,x0 = x6 < x3
0x1D52,MUL,3,14,0,,x0 = x3 * x14
0x1D54,SUB,12,10,1,,x1 = x12 - x10
0x1D56,BEQ,3,3,2,,if (x3 == x3): PC = PC + 3
0x1D58,LH,2,14,-13,,x14 = mem [x2-13]
0x1D5A,LH,5,3,9,,x3 = mem [x5+9]
0x1D5C,ADD,7,3,9,,x9 = x7 + x3
0x1D5E,BEQ,13,13,5,,if (x13 == x13): PC = PC + 6
0x1D60,SH,15,15,2,,mem [x15+2] = x15
0x1D62,SH,15,15,5,,mem [x15+5] = x15
0x1D64,SH,12,2,15,,mem [x12+15] = x2
0x1D66,BEQ,13,4,3,,if (x13 == x4): PC = PC + 4
0x1D68,SUB,9,7,4,,x4 = x9 - x7
0x1D6A,LH,13,15,13,,x15 = mem [x13+13]
0x1D6C,SUB,7,6,4,,x4 = x7 - x6
0x1D6E,SH,3,8,8,,mem [x3+8] = x8
0x1D70,SH,14,15,9,,mem [x14+9] = x15
0x1D72,LH,2,6,9,,x6 = mem [x2+9]
0x1D74,MUL,13,3,13,,x13 = x13 * x3
0x1D76,SLT,7,14,8,,x8 = x7 < x14
0x1D78,SH,12,2,15,,mem [x12+15] = x2
0x1D7A,LH,5,5,7,,x5 = mem [x5+7]
0x1D7C,ADD,13,3,4,,x4 = x13 + x3
0x1D7E,LH,6,10,-6,,x10 = mem [x6-6]
0x1D80,BEQ,11,2,9,,if (x11 == x2): PC = PC + 10
0x1D82,LH,0,13,15,,x13 = mem [x0+15]
0x1D84,LH,2,5,2,,x5 = mem [x2+2]
0x1D86,SH,8,12,15,,mem [x8+15] = x12
0x1D88,SUB,15,6,4,,x4 = x15 - x6
0x1D8A,BEQ,15,8,11,,if (x15 == x8): PC = PC + 12
0x1D8C,LH,12,0,2,,x0 = mem [x12+2]
0x1D8E,J,0x1DCE,,
0x1D8E,SUB,2,9,12,,x12 = x2 - x9
0x1D90,SUB,8,12,15,,x15 = x8 - x12
0x1D92,LH,11,15,8,,x15 = mem [x11+8]
0x1D94,LH,5,11,4,,x11 = mem [x5+4]
0x1D96,LH,14,11,8,,x11 = mem [x14+8]
0x1D98,LH,11,6,9,,x6 = mem [x11+9]
0x1D9A,SH,14,10,-8,,mem [x14-8] = x10
0x1D9C,LH,0,10,15,,x10 = mem [x0+15]
0x1D9E,LH,5,14,12,,x14 = mem [x5+12]
0x1DA0,SH,4,8,13,,mem [x4+13] = x8
0x1DA2,LH,11,9,-8,,x9 = mem [x11-8]
0x1DA4,MUL,0,14,6,,x6 = x0 * x14
0x1DA6,LH,5,10,14,,x10 = mem [x5+14]
0x1DA8,LH,8,7,-14,,x7 = mem [x8-14]
0x1DAA,LH,14,6,-4,,x6 = mem [x14-4]
0x1DAC,SH,1,6,-9,,mem [x1-9] = x6
0x1DAE,SUB,8,13,9,,x9 = x8 - x13
0x1DB0,SUB,12,9,0,,x0 = x12 - x9
0x1DB2,BEQ,8,0,0,,if (x8 == x0): PC = PC + 1
0x1DB4,SH,14,12,7,,mem [x14+7] = x12
0x1DB6,LH,0,6,-9,,x6 = mem [x0-9]
0x1DB8,BEQ,10,10,1,,if (x10 == x10): PC = PC + 2
0x1DBA,LH,12,12,12,,x12 = mem [x12+12]
0x1DBC,ADD,1,10,8,,x8 = x1 + x10
0x1DBE,SUB,8,3,0,,x0 = x8 - x3
0x1DC0,ADD,12,5,15,,x15 = x12 + x5
0x1DC2,LH,5,10,5,,x10 = mem [x5+5]
0x1DC4,MUL,14,12,14,,x14 = x14 * x12
0x1DC6,LH,5,4,-2,,x4 = mem [x5-2]
0x1DC8,BEQ,14,14,0,,if (x14 == x14): PC = PC + 1
0x1DCA,SH,12,15,15,,mem [x12+15] = x15
0x1DCC,MUL,5,14,11,,x11 = x5 * x14
0x1DCE,BEQ,8,8,0,,if (x8 == x8): PC = PC + 1
0x1DD0,MUL,15,14,7,,x7 = x15 * x14
0x1DD2,SUB,4,1,12,,x12 = x4 - x1
0x1DD4,ADD,11,14,5,,x5 = x11 + x14
0x1DD6,SLT,1,13,6,,x6 = x1 < x13
0x1DD8,LH,13,14,12,,x14 = mem [x13+12]
0x1DDA,LH,11,8,15,,x8 = mem [x11+15]
0x1DDC,BEQ,1,1,9,,if (x1 == x1): PC = PC + 10
0x1DDE,SH,9,9,10,,mem [x9+10] = x9
0x1DE0,ADD,8,13,5,,x5 = x8 + x13
0x1DE2,BEQ,12,8,2,,if (x12 == x8): PC = PC + 3
0x1DE4,SH,2,7,4,,mem [x2+4] = x7
0x1DE6,SH,9,0,-15,,mem [x9-15] = x0
0x1DE8,LH,2,7,15,,x7 = mem [x2+15]
0x1DEA,BEQ,4,5,5,,if (x4 == x5): PC = PC + 6
0x1DEC,SLT,6,1,1,,x1 = x6 < x1
0x1DEE,LH,13,12,5,,x12 = mem [x13+5]
0x1DF0,BEQ,11,11,15,,if (x11 == x11): PC = PC + 16
0x1DF2,LH,2,14,10,,x14 = mem [x2+10]
0x1DF4,LH,3,13,12,,x13 = mem [x3+12]
0x1DF6,BEQ,9,9,14,,if (x9 == x9): PC = PC + 15
0x1DF8,SH,11,2,-5,,mem [x11-5] = x2
0x1DFA,SH,8,1,10,,mem [x8+10] = x1
0x1DFC,SLT,8,7,2,,x2 = x8 < x7
0x1DFE,BEQ,5,5,0,,if (x5 == x5): PC = PC + 1
0x1E00,SH,13,13,2,,mem [x13+2] = x13
0x1E02,SH,0,2,6,,mem [x0+6] = x2
0x1E04,SH,6,10,-13,,mem [x6-13] = x10
0x1E06,SLT,3,7,2,,x2 = x3 < x7
0x1E08,LH,12,8,8,,x8 = mem [x12+8]
0x1E0A,LH,2,3,-14,,x3 = mem [x2-14]
0x1E0C,ADD,7,0,8,,x8 = x7 + x0
0x1E0E,SUB,6,14,9,,x9 = x6 - x14
0x1E10,SUB,0,6,12,,x12 = x0 - x6
0x1E12,SUB,11,5,15,,x15 = x11 - x5
0x1E14,SH,13,15,11,,mem [x13+11] = x15
0x1E16,LH,2,0,-16,,x0 = mem [x2-16]
0x1E18,ADD,3,6,10,,x10 = x3 + x6
0x1E1A,LH,13,12,4,,x12 = mem [x13+4]
0x1E1C,SH,10,12,15,,mem [x10+15] = x12
0x1E1E,MUL,2,10,15,,x15 = x2 * x10
0x1E20,SH,15,2,5,,mem [x15+5] = x2
0x1E22,SH,8,0,-14,,mem [x8-14] = x0
0x1E24,SH,10,15,2,,mem [x10+2] = x15
0x1E26,SH,2,1,6,,mem [x2+6] = x1
0x1E28,SH,5,3,15,,mem [x5+15] = x3
0x1E2A,SH,5,3,0,,mem [x5+0] = x3
0x1E2C,LH,15,8,10,,x8 = mem [x15+10]
0x1E2E,LH,8,7,9,,x7 = mem [x8+9]
0x1E30,SH,15,6,4,,mem [x15+4] = x6
0x1E32,LH,12,4,15,,x4 = mem [x12+15]
0x1E34,LH,5,13,15,,x13 = mem [x5+15]
0x1E36,SH,1,9,6,,mem [x1+6] = x9
0x1E38,SUB,10,15,5,,x5 = x10 - x15
0x1E3A,SH,6,14,15,,mem [x6+15] = x14
0x1E3C,SH,11,12,8,,mem [x11+8] = x12
0x1E3E,SH,8,5,15,,mem [x8+15] = x5
0x1E40,SUB,15,9,2,,x2 = x15 - x9
0x1E42,SH,15,2,9,,mem [x15+9] = x2
0x1E44,LH,6,4,-1,,x4 = mem [x6-1]
0x1E46,ADD,15,9,1,,x1 = x15 + x9
0x1E48,LH,10,0,15,,x0 = mem [x10+15]
0x1E4A,ADD,13,0,12,,x12 = x13 + x0
0x1E4C,MUL,14,13,14,,x14 = x14 * x13
0x1E4E,SLT,6,8,0,,x0 = x6 < x8
0x1E50,LH,1,9,8,,x9 = mem [x1+8]
0x1E52,SH,6,10,15,,mem [x6+15] = x10
0x1E54,LH,15,3,10,,x3 = mem [x15+10]
0x1E56,SLT,2,2,13,,x13 = x2 < x2
0x1E58,LH,3,0,4,,x0 = mem [x3+4]
0x1E5A,SH,4,6,15,,mem [x4+15] = x6
0x1E5C,SH,8,8,1,,mem [x8+1] = x8
0x1E5E,LH,11,5,9,,x5 = mem [x11+9]
0x1E60,SUB,9,13,4,,x4 = x9 - x13
0x1E62,SH,12,0,15,,mem [x12+15] = x0
0x1E64,SH,3,13,13,,mem [x3+13] = x13
0x1E66,LH,8,3,2,,x3 = mem [x8+2]
0x1E68,SH,10,3,15,,mem [x10+15] = x3
0x1E6A,SLT,14,11,8,,x8 = x14 < x11
0x1E6C,SLT,4,1,1,,x1 = x4 < x1
0x1E6E,BEQ,7,7,11,,if (x7 == x7): PC = PC + 12
0x1E70,ADD,15,14,0,,x0 = x15 + x14
0x1E72,SLT,12,11,11,,x11 = x12 < x11
0x1E74,BEQ,13,13,6,,if (x13 == x13): PC = PC + 7
0x1E76,SUB,8,0,7,,x7 = x8 - x0
0x1E78,LH,8,13,-2,,x13 = mem [x8-2]
0x1E7A,LH,14,13,-10,,x13 = mem [x14-10]
0x1E7C,SH,7,1,-10,,mem [x7-10] = x1
0x1E7E,ADD,1,8,4,,x4 = x1 + x8
0x1E80,SLT,10,11,0,,x0 = x10 < x11
0x1E82,LH,5,7,8,,x7 = mem [x5+8]
0x1E84,SH,10,5,-13,,mem [x10-13] = x5
0x1E86,LH,11,8,3,,x8 = mem [x11+3]
0x1E88,SH,0,9,6,,mem [x0+6] = x9
0x1E8A,LH,15,15,5,,x15 = mem [x15+5]
0x1E8C,BEQ,12,10,4,,if (x12 == x10): PC = PC + 5
0x1E8E,BEQ,9,9,7,,if (x9 == x9): PC = PC + 8
0x1E90,MUL,13,11,1,,x1 = x13 * x11
0x1E92,ADD,9,6,1,,x1 = x9 + x6
0x1E94,MUL,14,12,4,,x4 = x14 * x12
0x1E96,BEQ,6,6,9,,if (x6 == x6): PC = PC + 10
0x1E98,SH,8,2,-15,,mem [x8-15] = x2
0x1E9A,SH,14,6,4,,mem [x14+4] = x6
0x1E9C,SH,5,5,11,,mem [x5+11] = x5
0x1E9E,BEQ,15,15,13,,if (x15 == x15): PC = PC + 14
0x1EA0,ADD,7,12,4,,x4 = x7 + x12
0x1EA2,SUB,10,14,15,,x15 = x10 - x14
0x1EA4,LH,1,3,-4,,x3 = mem [x1-4]
0x1EA6,LH,0,7,0,,x7 = mem [x0+0]
0x1EA8,MUL,5,14,9,,x9 = x5 * x14
0x1EAA,SH,10,15,-8,,mem [x10-8] = x15
0x1EAC,SLT,12,1,2,,x2 = x12 < x1
0x1EAE,ADD,3,9,5,,x5 = x3 + x9
0x1EB0,SH,9,8,15,,mem [x9+15] = x8
0x1EB2,LH,13,10,-9,,x10 = mem [x13-9]
0x1EB4,SH,15,10,3,,mem [x15+3] = x10
0x1EB6,BEQ,12,10,6,,if (x12 == x10): PC = PC + 7
0x1EB8,SLT,7,9,1,,x1 = x7 < x9
0x1EBA,SH,11,6,15,,mem [x11+15] = x6
0x1EBC,SH,10,11,6,,mem [x10+6] = x11
0x1EBE,LH,12,6,14,,x6 = mem [x12+14]
0x1EC0,LH,12,11,6,,x11 = mem [x12+6]
0x1EC2,SH,15,10,-10,,mem [x15-10] = x10
0x1EC4,BEQ,5,5,4,,if (x5 == x5): PC = PC + 5
0x1EC6,SH,4,12,-4,,mem [x4-4] = x12
0x1EC8,ADD,12,9,0,,x0 = x12 + x9
0x1ECA,SUB,2,4,7,,x7 = x2 - x4
0x1ECC,LH,12,13,3,,x13 = mem [x12+3]
0x1ECE,SH,13,6,4,,mem [x13+4] = x6
0x1ED0,SH,13,4,15,,mem [x13+15] = x4
0x1ED2,SH,1,13,6,,mem [x1+6] = x13
0x1ED4,MUL,2,7,3,,x3 = x2 * x7
0x1ED6,LH,15,9,-14,,x9 = mem [x15-14]
0x1ED8,ADD,8,6,11,,x11 = x8 + x6
0x1EDA,SLT,5,14,1,,x1 = x5 < x14
0x1EDC,LH,8,15,12,,x15 = mem [x8+12]
0x1EDE,LH,8,3,15,,x3 = mem [x8+15]
0x1EE0,SLT,1,12,0,,x0 = x1 < x12
0x1EE2,SH,13,8,15,,mem [x13+15] = x8
0x1EE4,LH,0,8,15,,x8 = mem [x0+15]
0x1EE6,SLT,11,12,5,,x5 = x11 < x12
0x1EE8,SUB,10,3,0,,x0 = x10 - x3
0x1EEA,MUL,0,7,2,,x2 = x0 * x7
0x1EEC,LH,3,13,15,,x13 = mem [x3+15]
0x1EEE,SH,3,11,15,,mem [x3+15] = x11
0x1EF0,LH,8,10,15,,x10 = mem [x8+15]
0x1EF2,LH,8,9,11,,x9 = mem [x8+11]
0x1EF4,ADD,12,5,0,,x0 = x12 + x5
0x1EF6,SH,0,2,6,,mem [x0+6] = x2
0x1EF8,LH,8,7,7,,x7 = mem [x8+7]
0x1EFA,SH,4,12,15,,mem [x4+15] = x12
0x1EFC,SH,13,0,13,,mem [x13+13] = x0
0x1EFE,LH,8,9,15,,x9 = mem [x8+15]
0x1F00,SLT,4,0,3,,x3 = x4 < x0
0x1F02,LH,0,9,-9,,x9 = mem [x0-9]
0x1F04,SH,12,11,8,,mem [x12+8] = x11
0x1F06,MUL,12,11,12,,x12 = x12 * x11
0x1F08,SH,13,11,15,,mem [x13+15] = x11
0x1F0A,SLT,15,3,8,,x8 = x15 < x3
0x1F0C,LH,0,15,12,,x15 = mem [x0+12]
0x1F0E,MUL,2,12,7,,x7 = x2 * x12
0x1F10,SLT,15,7,14,,x14 = x15 < x7
0x1F12,SLT,15,9,11,,x11 = x15 < x9
0x1F14,LH,0,3,2,,x3 = mem [x0+2]
0x1F16,LH,11,15,15,,x15 = mem [x11+15]
0x1F18,LH,8,1,12,,x1 = mem [x8+12]
0x1F1A,SH,5,1,15,,mem [x5+15] = x1
0x1F1C,SLT,13,11,0,,x0 = x13 < x11
0x1F1E,LH,8,0,12,,x0 = mem [x8+12]
0x1F20,SUB,10,11,5,,x5 = x10 - x11
0x1F22,LH,3,5,10,,x5 = mem [x3+10]
0x1F24,ADD,14,1,10,,x10 = x14 + x1
0x1F26,ADD,3,9,7,,x7 = x3 + x9
0x1F28,LH,8,1,2,,x1 = mem [x8+2]
0x1F2A,SH,8,13,8,,mem [x8+8] = x13
0x1F2C,SH,5,11,5,,mem [x5+5] = x11
0x1F2E,ADD,9,12,13,,x13 = x9 + x12
0x1F30,LH,11,7,15,,x7 = mem [x11+15]
0x1F32,SH,8,2,15,,mem [x8+15] = x2
0x1F34,SH,3,11,15,,mem [x3+15] = x11
0x1F36,SH,4,12,-12,,mem [x4-12] = x12
0x1F38,MUL,4,5,0,,x0 = x4 * x5
0x1F3A,MUL,11,15,4,,x4 = x11 * x15
0x1F3C,BEQ,5,8,15,,if (x5 == x8): PC = PC + 16
0x1F3E,LH,5,14,-10,,x14 = mem [x5-10]
0x1F40,SH,0,13,13,,mem [x0+13] = x13
0x1F42,MUL,14,0,1,,x1 = x14 * x0
0x1F44,SH,0,9,-1,,mem [x0-1] = x9
0x1F46,BEQ,4,4,4,,if (x4 == x4): PC = PC + 5
0x1F48,MUL,10,13,9,,x9 = x10 * x13
0x1F4A,SH,5,15,14,,mem [x5+14] = x15
0x1F4C,SH,12,11,-8,,mem [x12-8] = x11
0x1F4E,SH,4,9,-9,,mem [x4-9] = x9
0x1F50,SUB,0,10,6,,x6 = x0 - x10
0x1F52,BEQ,2,2,10,,if (x2 == x2): PC = PC + 11
0x1F54,ADD,0,3,0,,x0 = x0 + x3
0x1F56,SH,14,10,-8,,mem [x14-8] = x10
0x1F58,SLT,15,0,6,,x6 = x15 < x0
0x1F5A,SUB,11,0,0,,x0 = x11 - x0
0x1F5C,LH,12,6,-11,,x6 = mem [x12-11]
0x1F5E,SH,12,14,11,,mem [x12+11] = x14
0x1F60,SUB,11,5,11,,x11 = x11 - x5
0x1F62,ADD,4,12,3,,x3 = x4 + x12
0x1F64,SH,10,2,2,,mem [x10+2] = x2
0x1F66,SH,14,8,-15,,mem [x14-15] = x8
0x1F68,LH,5,14,1,,x14 = mem [x5+1]
0x1F6A,SH,5,11,-16,,mem [x5-16] = x11
0x1F6C,SLT,5,1,12,,x12 = x5 < x1
0x1F6E,LH,6,14,5,,x14 = mem [x6+5]
0x1F70,SH,0,6,-8,,mem [x0-8] = x6
0x1F72,SH,3,12,15,,mem [x3+15] = x12
0x1F74,LH,12,14,6,,x14 = mem [x12+6]
0x1F76,LH,11,9,12,,x9 = mem [x11+12]
0x1F78,ADD,7,11,12,,x12 = x7 + x11
0x1F7A,ADD,0,8,12,,x12 = x0 + x8
0x1F7C,BEQ,11,11,1,,if (x11 == x11): PC = PC + 2
0x1F7E,SH,14,4,-16,,mem [x14-16] = x4
0x1F80,BEQ,1,2,15,,if (x1 == x2): PC = PC + 16
0x1F82,LH,0,8,-15,,x8 = mem [x0-15]
0x1F84,SH,3,12,1,,mem [x3+1] = x12
0x1F86,LH,5,11,10,,x11 = mem [x5+10]
0x1F88,SUB,1,12,15,,x15 = x1 - x12
0x1F8A,SUB,0,2,8,,x8 = x0 - x2
0x1F8C,SH,6,0,0,,mem [x6+0] = x0
0x1F8E,SH,3,14,11,,mem [x3+11] = x14
0x1F90,LH,11,13,14,,x13 = mem [x11+14]
0x1F92,BEQ,2,11,13,,if (x2 == x11): PC = PC + 14
0x1F94,LH,11,12,-16,,x12 = mem [x11-16]
0x1F96,SH,11,14,-12,,mem [x11-12] = x14
0x1F98,SH,11,5,12,,mem [x11+12] = x5
0x1F9A,LH,0,8,4,,x8 = mem [x0+4]
0x1F9C,SLT,5,14,2,,x2 = x5 < x14
0x1F9E,SLT,11,10,1,,x1 = x11 < x10
0x1FA0,LH,0,13,0,,x13 = mem [x0+0]
0x1FA2,SH,11,7,12,,mem [x11+12] = x7
0x1FA4,ADD,0,14,8,,x8 = x0 + x14
0x1FA6,MUL,0,7,12,,x12 = x0 * x7
0x1FA8,SH,0,6,2,,mem [x0+2] = x6
0x1FAA,MUL,9,4,8,,x8 = x9 * x4
0x1FAC,LH,5,0,-7,,x0 = mem [x5-7]
0x1FAE,SH,2,12,13,,mem [x2+13] = x12
0x1FB0,BEQ,9,11,5,,if (x9 == x11): PC = PC + 6
0x1FB2,SH,0,5,8,,mem [x0+8] = x5
0x1FB4,LH,0,12,6,,x12 = mem [x0+6]
0x1FB6,BEQ,7,7,9,,if (x7 == x7): PC = PC + 10
0x1FB8,SH,15,1,5,,mem [x15+5] = x1
0x1FBA,LH,5,6,-14,,x6 = mem [x5-14]
0x1FBC,SH,11,12,4,,mem [x11+4] = x12
0x1FBE,SH,10,14,12,,mem [x10+12] = x14
0x1FC0,SH,6,6,-9,,mem [x6-9] = x6
0x1FC2,SH,2,5,-14,,mem [x2-14] = x5
0x1FC4,SH,7,11,-8,,mem [x7-8] = x11
0x1FC6,SH,8,15,8,,mem [x8+8] = x15
0x1FC8,SH,8,1,-10,,mem [x8-10] = x1
0x1FCA,SUB,10,6,9,,x9 = x10 - x6
0x1FCC,SH,2,10,15,,mem [x2+15] = x10
0x1FCE,LH,11,5,-11,,x5 = mem [x11-11]
0x1FD0,SH,11,7,12,,mem [x11+12] = x7
0x1FD2,SUB,8,4,8,,x8 = x8 - x4
0x1FD4,SH,5,15,15,,mem [x5+15] = x15
0x1FD6,LH,11,0,7,,x0 = mem [x11+7]
0x1FD8,SH,6,4,7,,mem [x6+7] = x4
0x1FDA,SH,11,5,8,,mem [x11+8] = x5
0x1FDC,SH,3,12,15,,mem [x3+15] = x12
0x1FDE,SH,11,4,8,,mem [x11+8] = x4
